SHEET,CHAIN,CO_OWNED,STATE,SOUTHJ,CENTRALJ,NORTHJ,PA1,PA2,SHORE,NCALLS,EMPFT,EMPPT,NMGRS,WAGE_ST,PCTAFF,MEALS,OPEN,HRSOPEN,PSODA,PFRY,PENTREE,NREGS,NREGS11,wave,treated,post,did,emp
46,1,0,0,0,0,0,1,0,0,0,30.0,15.0,3.00,.,.,2,6.5,16.5,1.03,1.03,0.52,3,3,1,0,0,0,45.0
49,2,0,0,0,0,0,1,0,0,0,6.5,6.5,4.00,.,.,2,10.0,13.0,1.01,0.90,2.35,4,3,1,0,0,0,13.0
506,2,1,0,0,0,0,1,0,0,0,3.0,7.0,2.00,.,30.0,2,11.0,10.0,0.95,0.74,2.33,3,3,1,0,0,0,10.0
56,4,1,0,0,0,0,1,0,0,0,20.0,20.0,4.00,5.00,0.0,2,10.0,12.0,0.87,0.82,1.79,2,2,1,0,0,0,40.0
61,4,1,0,0,0,0,1,0,0,0,6.0,26.0,5.00,5.50,0.0,3,10.0,12.0,0.87,0.77,1.65,2,2,1,0,0,0,32.0
62,4,1,0,0,0,0,1,0,0,2,0.0,31.0,5.00,5.00,45.0,2,10.0,12.0,0.87,0.77,0.95,2,2,1,0,0,0,31.0
445,1,0,0,0,0,0,0,1,0,0,50.0,35.0,3.00,5.00,0.0,2,6.0,18.0,1.04,0.88,0.94,3,3,1,0,0,0,85.0
451,1,0,0,0,0,0,0,1,0,0,10.0,17.0,5.00,5.00,0.0,2,0.0,24.0,1.05,0.84,0.96,6,4,1,0,0,0,27.0
455,2,1,0,0,0,0,0,1,0,0,2.0,8.0,5.00,5.25,0.0,1,11.0,10.0,0.73,0.73,2.32,2,2,1,0,0,0,10.0
458,2,1,0,0,0,0,1,0,0,2,2.0,10.0,2.00,5.00,0.0,1,11.0,10.0,0.94,0.73,2.32,4,4,1,0,0,0,12.0
462,3,1,0,0,0,0,0,1,0,0,2.5,20.0,3.00,5.00,5.0,2,9.0,12.5,1.05,1.01,1.11,4,4,1,0,0,0,22.5
468,1,0,0,0,0,0,0,1,0,0,40.0,30.0,3.00,5.00,0.0,2,6.0,18.0,0.95,0.94,0.95,4,3,1,0,0,0,70.0
469,1,0,0,0,0,0,0,1,0,0,8.0,27.0,5.00,5.00,80.0,2,6.0,18.0,0.92,0.72,0.96,3,2,1,0,0,0,35.0
470,1,0,0,0,0,0,0,1,0,0,10.5,30.0,3.00,5.50,0.0,2,6.0,18.0,0.97,0.84,0.94,3,3,1,0,0,0,40.5
474,1,0,0,0,0,0,0,1,0,2,6.0,9.0,3.00,5.00,0.0,2,9.0,12.5,1.13,0.98,1.01,3,1,1,0,0,0,15.0
481,2,1,0,0,0,0,0,1,0,2,5.0,17.5,3.00,5.25,0.0,3,11.0,10.0,0.95,0.74,2.53,5,4,1,0,0,0,22.5
483,2,1,0,0,0,0,0,1,0,0,1.0,15.0,1.00,5.00,0.0,2,11.0,10.0,0.94,0.73,2.32,4,3,1,0,0,0,16.0
487,3,1,0,0,0,0,0,1,0,0,10.0,6.0,2.00,5.00,0.0,2,10.0,11.5,1.11,0.91,0.95,6,3,1,0,0,0,16.0
488,3,0,0,0,0,0,0,1,0,1,20.0,13.0,3.00,5.00,0.0,2,6.0,16.0,1.05,0.79,1.01,5,5,1,0,0,0,33.0
489,3,0,0,0,0,0,0,1,0,2,5.0,23.0,2.00,5.00,6.0,2,7.0,14.0,1.05,1.01,0.94,4,4,1,0,0,0,28.0
490,3,1,0,0,0,0,0,1,0,0,10.0,12.5,4.00,5.00,0.0,2,6.0,16.0,1.05,1.01,1.05,4,4,1,0,0,0,22.5
493,3,1,0,0,0,0,1,0,0,0,27.0,12.0,3.00,5.00,0.0,2,6.0,16.0,1.05,0.90,2.01,6,3,1,0,0,0,39.0
495,3,0,0,0,0,0,0,1,0,2,4.0,28.0,3.00,5.00,2.0,2,7.0,15.0,1.05,1.01,0.94,3,3,1,0,0,0,32.0
496,3,1,0,0,0,0,0,1,0,0,10.0,15.0,3.00,5.00,0.0,2,6.0,16.0,1.05,0.90,0.73,5,3,1,0,0,0,25.0
499,4,1,0,0,0,0,0,1,0,0,0.0,28.0,5.00,5.00,11.0,2,10.0,12.0,0.90,0.69,1.75,2,2,1,0,0,0,28.0
509,3,1,0,0,0,0,0,1,0,2,3.0,16.0,3.00,5.00,30.0,2,6.0,16.0,1.05,0.95,1.16,6,3,1,0,0,0,19.0
515,3,1,0,0,0,0,0,1,0,0,7.0,16.0,4.00,5.00,33.0,2,6.0,16.0,1.05,0.94,1.16,5,3,1,0,0,0,23.0
37,1,0,0,0,0,0,1,0,0,2,21.0,9.0,7.00,4.25,33.0,2,6.5,16.5,0.98,0.84,0.84,5,3,1,0,0,0,30.0
39,1,0,0,0,0,0,1,0,0,0,1.0,32.0,2.00,4.25,100.0,2,6.5,17.5,1.03,0.73,0.52,4,2,1,0,0,0,33.0
40,1,0,0,0,0,0,1,0,0,0,10.0,20.0,7.00,4.25,100.0,2,6.5,16.5,0.98,0.82,0.80,3,3,1,0,0,0,30.0
41,1,0,0,0,0,0,1,0,0,0,0.0,27.0,6.00,4.25,100.0,2,6.5,16.5,0.98,0.82,0.85,3,3,1,0,0,0,27.0
42,1,0,0,0,0,0,1,0,0,2,17.0,4.0,5.00,4.50,100.0,2,6.5,16.5,0.98,0.83,0.86,3,3,1,0,0,0,21.0
45,1,0,0,0,0,0,1,0,0,0,0.0,24.0,6.00,4.25,25.0,2,7.0,16.0,0.98,0.83,0.86,3,3,1,0,0,0,24.0
47,1,0,0,0,0,0,1,0,0,2,25.0,15.0,.,4.50,75.0,2,6.0,17.0,1.05,0.86,0.86,3,3,1,0,0,0,40.0
48,1,0,0,0,0,0,1,0,0,0,6.0,20.0,3.00,4.25,31.0,3,7.0,14.0,1.01,0.84,0.63,4,3,1,0,0,0,26.0
50,2,0,0,0,0,0,1,0,0,0,6.0,10.0,3.00,4.50,20.0,2,10.0,12.0,1.01,0.89,3.50,4,3,1,0,0,0,16.0
51,2,0,0,0,0,0,1,0,0,1,0.0,15.0,3.00,4.25,100.0,2,10.0,13.0,1.01,0.89,2.35,4,3,1,0,0,0,15.0
57,4,1,0,0,0,0,1,0,0,0,30.0,10.0,3.00,4.67,70.0,2,10.0,12.0,0.87,0.79,0.90,2,2,1,0,0,0,40.0
58,4,1,0,0,0,0,1,0,0,2,8.0,25.0,3.00,4.75,80.0,2,10.0,12.0,0.87,0.77,1.01,2,2,1,0,0,0,33.0
59,4,0,0,0,0,0,1,0,0,3,0.0,15.0,3.00,4.25,90.0,1,7.5,10.5,0.91,0.89,0.81,2,2,1,0,0,0,15.0
60,4,0,0,0,0,0,1,0,0,0,10.0,20.0,5.00,4.25,75.0,1,10.5,11.5,0.94,0.74,0.86,2,2,1,0,0,0,30.0
407,2,1,0,0,0,0,0,1,0,0,2.0,12.0,3.00,4.75,90.0,3,11.0,10.0,0.95,0.74,2.33,4,3,1,0,0,0,14.0
430,1,0,0,0,0,0,1,0,0,0,20.0,25.0,4.00,4.25,44.0,2,7.0,15.0,0.95,0.75,0.80,3,3,1,0,0,0,45.0
432,1,0,0,0,0,0,1,0,0,0,20.0,55.0,5.00,4.50,75.0,2,7.0,16.0,0.94,0.74,0.79,4,3,1,0,0,0,75.0
433,1,0,0,0,0,0,1,0,0,0,10.0,30.0,4.00,4.25,75.0,2,7.0,16.0,0.95,0.73,0.80,3,3,1,0,0,0,40.0
434,1,0,0,0,0,0,1,0,0,2,15.0,50.0,5.00,4.25,77.0,2,7.0,16.0,0.95,0.75,.,3,3,1,0,0,0,65.0
435,1,0,0,0,0,0,1,0,0,1,1.0,37.5,3.00,4.25,25.0,2,6.5,15.5,0.95,0.75,0.79,3,3,1,0,0,0,38.5
438,2,0,0,0,0,0,1,0,0,2,0.0,9.0,3.00,4.25,11.0,2,11.0,8.0,1.01,0.84,2.43,2,1,1,0,0,0,9.0
440,4,0,0,0,0,0,1,0,0,2,0.0,25.0,3.00,4.25,100.0,2,10.5,11.5,0.89,0.79,2.01,2,2,1,0,0,0,25.0
441,4,0,0,0,0,0,1,0,0,2,30.0,10.0,3.00,4.25,100.0,2,10.5,11.5,0.89,0.77,0.84,2,2,1,0,0,0,40.0
443,4,0,0,0,0,0,1,0,0,0,4.0,19.0,4.00,4.25,95.0,2,10.5,11.5,0.89,0.79,1.80,2,2,1,0,0,0,23.0
444,4,0,0,0,0,0,1,0,0,2,12.0,20.0,3.00,4.25,.,2,10.5,12.5,0.89,0.80,0.84,2,2,1,0,0,0,32.0
446,1,0,0,0,0,0,0,1,0,2,,,3.00,4.50,50.0,2,6.0,18.0,1.03,0.84,0.94,.,.,1,0,0,0,
448,1,0,0,0,0,0,0,1,0,0,8.0,18.0,4.00,4.75,78.0,2,6.0,18.0,0.97,0.84,0.91,3,3,1,0,0,0,26.0
449,1,0,0,0,0,0,0,1,0,2,0.0,25.0,3.00,4.87,3.0,2,6.0,18.0,.,.,.,4,4,1,0,0,0,25.0
450,1,0,0,0,0,0,0,1,0,0,2.0,21.0,3.00,4.75,50.0,2,6.5,16.5,0.97,0.82,0.84,3,3,1,0,0,0,23.0
454,2,1,0,0,0,0,0,1,0,0,1.0,9.0,3.00,4.50,.,2,11.0,10.0,0.94,0.73,2.53,4,3,1,0,0,0,10.0
459,3,1,0,0,0,0,0,1,0,0,5.0,20.0,3.00,4.25,.,2,6.0,16.0,1.05,0.90,0.94,5,.,1,0,0,0,25.0
466,4,0,0,0,0,0,0,1,0,2,8.0,17.5,4.00,4.75,65.0,3,10.5,11.5,0.94,0.80,0.94,2,2,1,0,0,0,25.5
471,1,0,0,0,0,0,0,1,0,2,25.0,20.0,4.00,4.25,50.0,2,6.0,18.0,0.97,0.84,0.91,2,2,1,0,0,0,45.0
472,1,0,0,0,0,0,0,1,0,2,37.5,2.0,3.00,4.25,80.0,2,6.5,16.5,0.97,1.05,0.91,3,3,1,0,0,0,39.5
473,1,0,0,0,0,0,0,1,0,0,5.0,27.0,4.00,4.75,50.0,2,6.0,17.0,0.97,0.86,0.89,3,2,1,0,0,0,32.0
475,1,0,0,0,0,0,0,1,0,1,25.0,8.0,3.00,4.50,60.0,1,7.0,15.0,1.02,0.89,0.90,3,3,1,0,0,0,33.0
476,1,0,0,0,0,0,1,0,0,2,6.0,30.0,3.00,4.25,60.0,2,6.0,18.0,0.95,0.79,0.91,3,3,1,0,0,0,36.0
477,1,0,0,0,0,0,0,1,0,1,8.0,28.0,4.00,4.25,50.0,2,6.5,16.5,0.97,0.78,0.99,3,3,1,0,0,0,36.0
478,1,0,0,0,0,0,1,0,0,0,32.0,25.0,4.00,4.50,30.0,2,6.0,19.0,0.97,0.86,0.91,3,3,1,0,0,0,57.0
485,2,1,0,0,0,0,0,1,0,2,1.0,9.0,3.00,4.50,80.0,2,11.0,10.0,0.95,0.74,2.33,4,3,1,0,0,0,10.0
491,3,0,0,0,0,0,0,1,0,0,4.0,25.0,2.00,4.50,100.0,2,8.5,13.0,1.05,0.91,0.95,3,2,1,0,0,0,29.0
492,3,1,0,0,0,0,0,1,0,0,2.0,16.0,3.00,4.50,75.0,2,9.0,12.5,1.11,1.05,0.94,2,1,1,0,0,0,18.0
497,4,1,0,0,0,0,0,1,0,0,12.0,15.0,3.00,4.50,37.0,2,10.0,12.0,0.91,0.84,0.84,2,2,1,0,0,0,27.0
498,4,1,0,0,0,0,0,1,0,2,20.0,10.0,3.00,4.75,75.0,2,10.0,12.0,0.91,0.84,0.85,2,2,1,0,0,0,30.0
501,1,0,0,0,0,0,0,1,0,0,14.0,15.0,3.00,4.25,63.0,2,6.5,16.5,0.84,0.84,0.94,3,3,1,0,0,0,29.0
503,1,0,0,0,0,0,0,1,0,2,7.5,14.0,4.00,4.75,100.0,2,6.5,16.5,0.97,0.84,0.91,3,3,1,0,0,0,21.5
510,3,1,0,0,0,0,0,1,0,0,7.0,25.0,4.00,4.25,60.0,2,6.0,16.0,1.05,0.91,1.05,3,3,1,0,0,0,32.0
511,3,1,0,0,0,0,0,1,0,0,4.0,16.0,3.00,4.75,75.0,2,6.0,16.5,1.01,0.91,1.05,4,4,1,0,0,0,20.0
514,3,0,0,0,0,0,0,1,0,0,5.0,20.0,3.00,4.50,25.0,2,6.0,16.0,0.94,0.90,0.94,5,3,1,0,0,0,25.0
516,3,1,0,0,0,0,0,1,0,2,6.0,22.5,3.00,4.75,23.0,3,6.0,16.0,1.05,0.91,1.05,4,3,1,0,0,0,28.5
521,1,0,0,0,0,0,1,0,0,0,2.5,20.0,3.00,4.25,50.0,2,6.5,16.5,.,.,0.52,4,4,1,0,0,0,22.5
522,1,0,0,0,0,0,1,0,0,2,2.0,30.0,4.00,4.35,75.0,3,7.0,16.0,1.00,0.87,0.94,3,3,1,0,0,0,32.0
113,1,0,1,0,1,0,0,0,0,0,0.0,22.0,4.00,.,.,2,7.0,16.0,1.06,0.95,1.00,4,.,1,1,0,0,22.0
123,1,0,1,0,1,0,0,0,0,0,0.0,20.0,5.00,.,28.0,2,7.0,14.5,1.06,0.95,1.01,2,1,1,1,0,0,20.0
135,3,0,1,0,1,0,0,0,0,0,10.0,20.0,4.00,.,.,0,9.0,12.5,.,.,.,5,3,1,1,0,0,30.0
138,3,1,1,0,0,1,0,0,0,0,4.5,25.5,2.00,.,.,2,10.0,11.5,1.12,1.07,1.06,6,.,1,1,0,0,30.0
153,1,0,1,0,0,1,0,0,0,0,0.0,25.0,9.00,.,33.0,1,7.0,17.0,1.00,0.95,0.89,4,3,1,1,0,0,25.0
181,2,0,1,0,0,1,0,0,0,0,0.0,13.0,3.00,.,100.0,1,10.5,11.0,0.91,0.79,2.34,3,2,1,1,0,0,13.0
191,4,0,1,0,0,1,0,0,0,0,30.0,20.0,4.00,.,.,2,10.5,12.0,1.06,0.95,1.06,.,1,1,1,0,0,50.0
231,1,0,1,0,0,1,0,0,0,1,,10.0,3.00,.,.,2,7.0,16.0,1.02,1.02,0.95,2,2,1,1,0,0,
236,1,0,1,0,0,1,0,0,0,3,0.0,34.0,4.00,.,95.0,1,7.0,17.0,1.18,1.02,1.06,4,3,1,1,0,0,34.0
254,4,0,1,1,0,0,0,0,1,0,20.0,10.0,3.00,.,.,1,7.0,16.0,1.06,0.86,1.06,2,2,1,1,0,0,30.0
255,4,0,1,1,0,0,0,0,0,2,0.0,14.0,3.00,.,10.0,1,7.0,14.0,1.01,0.79,0.85,2,2,1,1,0,0,14.0
294,1,0,1,0,0,1,0,0,0,3,0.0,35.0,3.00,.,70.0,2,7.0,16.0,1.06,0.95,0.95,3,3,1,1,0,0,35.0
306,3,1,1,0,0,1,0,0,0,0,15.0,15.0,3.00,.,.,2,6.0,17.0,1.02,.,1.06,4,4,1,1,0,0,30.0
311,4,0,1,0,0,1,0,0,0,2,0.0,30.0,4.00,.,78.0,2,10.5,11.5,0.91,0.91,1.06,2,2,1,1,0,0,30.0
315,1,0,1,1,0,0,0,0,0,0,5.0,19.0,2.00,.,65.0,3,7.0,16.0,1.00,0.85,0.88,3,2,1,1,0,0,24.0
335,1,1,1,1,0,0,0,0,0,0,9.0,10.0,3.00,.,100.0,1,6.0,17.0,1.06,0.92,0.92,5,2,1,1,0,0,19.0
372,1,1,1,0,0,1,0,0,0,2,0.0,45.0,5.00,.,30.0,3,6.5,19.0,1.10,0.95,1.10,4,.,1,1,0,0,45.0
6,3,1,1,0,1,0,0,0,0,2,2.0,2.0,2.00,5.00,100.0,1,11.0,7.0,1.20,1.17,2.35,4,2,1,1,0,0,4.0
14,2,0,1,0,1,0,0,0,0,0,10.0,8.0,2.00,5.12,0.0,3,11.0,11.0,1.06,0.85,2.49,6,5,1,1,0,0,18.0
26,1,0,1,0,0,1,0,0,0,3,30.0,15.0,4.00,5.56,.,2,7.0,16.0,1.06,0.91,0.98,4,2,1,1,0,0,45.0
27,2,1,1,0,1,0,0,0,0,2,4.0,10.0,4.00,5.00,0.0,1,11.0,10.0,1.06,0.85,2.34,4,3,1,1,0,0,14.0
30,2,0,1,0,0,1,0,0,0,4,6.0,4.0,2.00,5.00,0.0,1,11.0,10.0,1.06,1.06,2.53,2,2,1,1,0,0,10.0
31,2,0,1,0,1,0,0,0,0,2,4.0,16.0,3.00,5.25,0.0,2,11.0,11.0,1.03,1.06,2.56,4,3,1,1,0,0,20.0
33,3,0,1,0,0,1,0,0,0,0,12.0,20.0,4.00,5.00,7.0,2,6.0,17.0,1.02,1.07,0.95,5,4,1,1,0,0,32.0
36,4,0,1,0,1,0,0,0,0,0,8.0,12.0,4.00,5.50,0.0,2,10.5,13.0,1.02,0.91,2.57,2,2,1,1,0,0,20.0
77,3,0,1,0,0,1,0,0,0,0,6.0,50.0,4.00,5.00,100.0,2,6.0,19.0,1.18,1.07,1.17,6,5,1,1,0,0,56.0
78,3,1,1,0,0,1,0,0,0,0,13.0,10.0,3.00,5.00,0.0,2,6.0,17.0,1.12,1.02,1.02,4,2,1,1,0,0,23.0
81,4,0,1,0,0,1,0,0,0,4,25.0,13.0,3.00,5.00,95.0,2,10.0,12.0,1.06,0.98,1.06,2,2,1,1,0,0,38.0
82,4,0,1,0,0,1,0,0,0,6,8.0,14.5,3.00,5.00,0.0,2,10.5,13.5,1.06,1.03,1.06,2,2,1,1,0,0,22.5
83,4,0,1,0,0,1,0,0,0,2,12.5,20.0,2.00,5.00,11.0,2,10.5,13.5,1.06,0.98,2.13,2,2,1,1,0,0,32.5
85,1,0,1,0,1,0,0,0,1,3,7.0,20.0,3.00,5.50,1.0,1,9.0,12.5,1.12,1.02,1.02,5,4,1,1,0,0,27.0
89,1,1,1,0,1,0,0,0,0,2,10.0,6.0,3.00,5.00,0.0,2,7.0,16.0,1.09,0.95,1.04,3,2,1,1,0,0,16.0
94,2,0,1,0,1,0,0,0,0,2,0.0,25.0,5.00,5.00,0.0,3,11.0,10.0,1.06,0.80,2.56,.,.,1,1,0,0,25.0
103,4,0,1,0,0,1,0,0,0,2,12.5,10.0,3.00,5.00,50.0,2,10.5,11.5,0.91,0.85,0.95,2,2,1,1,0,0,22.5
112,4,0,1,0,0,1,0,0,0,0,4.0,26.0,3.00,5.00,80.0,2,10.0,14.0,1.06,0.98,1.06,2,2,1,1,0,0,30.0
128,2,1,1,0,1,0,0,0,0,3,6.5,7.5,2.00,5.00,.,2,11.0,11.0,1.06,0.85,2.34,4,2,1,1,0,0,14.0
129,3,0,1,0,1,0,0,0,0,3,20.0,20.0,3.00,5.25,0.0,2,6.0,16.0,1.10,1.00,0.74,6,4,1,1,0,0,40.0
131,3,0,1,0,1,0,0,0,0,2,15.0,25.0,4.00,5.50,10.0,2,6.0,17.0,1.06,1.06,1.06,5,2,1,1,0,0,40.0
139,4,0,1,0,1,0,0,0,0,0,,,2.00,5.50,.,2,10.5,12.5,0.95,0.95,1.06,2,1,1,1,0,0,
143,4,0,1,0,1,0,0,0,0,3,0.0,30.0,3.00,5.37,15.0,2,10.5,11.5,0.95,0.95,1.06,2,2,1,1,0,0,30.0
144,4,0,1,0,1,0,0,0,0,2,10.0,30.0,3.00,5.05,0.0,2,10.5,12.5,0.91,0.85,1.06,2,2,1,1,0,0,40.0
145,1,0,1,0,0,1,0,0,0,0,5.0,17.0,3.00,5.00,0.0,2,7.0,16.0,1.06,0.95,0.95,3,2,1,1,0,0,22.0
147,1,0,1,0,0,1,0,0,0,0,8.5,6.5,3.00,5.12,100.0,2,7.0,14.0,1.12,0.89,0.95,2,2,1,1,0,0,15.0
148,1,0,1,0,0,1,0,0,0,4,4.5,30.0,4.00,5.25,0.0,2,7.0,17.0,1.06,0.95,0.95,3,2,1,1,0,0,34.5
151,1,0,1,0,0,1,0,0,0,0,1.0,12.0,3.00,5.00,92.0,2,7.0,15.0,1.09,0.81,1.04,3,3,1,1,0,0,13.0
152,1,0,1,0,0,1,0,0,0,0,35.0,15.0,4.00,5.12,10.0,1,7.0,15.0,1.17,0.95,1.02,3,2,1,1,0,0,50.0
157,2,0,1,0,0,1,0,0,0,0,10.0,5.0,3.00,5.00,0.0,1,10.5,12.0,0.91,0.85,2.34,3,3,1,1,0,0,15.0
161,3,1,1,0,0,1,0,0,0,0,8.0,25.0,4.00,5.00,2.0,2,6.0,17.0,1.12,1.02,1.06,7,3,1,1,0,0,33.0
163,3,1,1,0,0,1,0,0,0,0,12.0,18.0,3.00,5.00,11.0,2,6.0,16.5,1.20,1.07,1.06,3,3,1,1,0,0,30.0
164,3,1,1,0,0,1,0,0,0,0,4.0,30.0,4.00,5.00,3.0,2,5.0,19.0,1.12,1.02,1.06,5,3,1,1,0,0,34.0
165,4,0,1,0,0,1,0,0,0,1,20.0,10.0,3.00,5.00,60.0,2,10.5,12.5,1.06,0.89,1.06,3,2,1,1,0,0,30.0
169,1,1,1,0,0,1,0,0,0,0,12.0,33.0,4.00,5.00,50.0,2,7.0,16.0,1.10,0.94,1.04,3,3,1,1,0,0,45.0
170,1,1,1,0,0,1,0,0,0,1,10.0,20.0,3.00,5.00,0.0,2,7.0,16.0,1.10,1.02,1.08,3,2,1,1,0,0,30.0
187,3,0,1,0,0,1,0,0,1,0,4.0,20.0,3.00,5.62,2.0,2,7.0,15.0,1.12,1.09,1.06,4,3,1,1,0,0,24.0
190,3,1,1,0,0,1,0,0,0,0,5.0,42.0,4.00,5.00,.,2,6.0,16.0,1.02,1.07,1.06,5,.,1,1,0,0,47.0
196,4,1,1,0,0,1,0,0,0,0,8.0,19.0,4.00,5.00,.,2,10.5,11.5,0.95,0.85,1.06,2,2,1,1,0,0,27.0
197,1,0,1,0,0,1,0,0,0,0,23.0,10.0,4.00,5.00,50.0,2,7.0,17.0,0.99,0.89,0.89,3,2,1,1,0,0,33.0
234,1,0,1,0,0,1,0,0,0,2,0.0,10.0,3.00,5.00,0.0,2,7.0,16.0,1.12,.,0.49,2,2,1,1,0,0,10.0
240,3,1,1,0,0,1,0,0,0,0,15.0,35.0,3.00,5.10,20.0,2,6.0,17.0,1.18,1.02,1.06,6,4,1,1,0,0,50.0
241,3,0,1,0,0,1,0,0,0,2,15.0,25.0,4.00,5.00,30.0,2,7.0,16.0,1.12,1.02,1.06,5,5,1,1,0,0,40.0
242,3,1,1,0,0,1,0,0,0,0,25.0,10.0,3.00,5.25,0.0,2,6.0,17.0,1.10,1.02,1.06,5,4,1,1,0,0,35.0
245,3,0,1,0,0,1,0,0,0,3,15.0,8.0,3.00,5.50,0.0,1,8.5,13.5,1.20,1.02,1.02,4,2,1,1,0,0,23.0
259,1,0,1,1,0,0,0,0,0,0,13.0,12.0,4.00,5.00,50.0,2,7.5,14.5,1.02,0.85,0.85,3,3,1,1,0,0,25.0
268,1,1,1,1,0,0,0,0,0,1,10.0,18.0,4.00,5.00,0.0,2,7.0,15.0,1.02,0.85,0.85,5,4,1,1,0,0,28.0
271,2,1,1,1,0,0,0,0,0,3,0.0,13.0,2.00,5.00,38.0,2,11.0,11.0,1.02,0.79,2.34,4,2,1,1,0,0,13.0
272,2,1,1,1,0,0,0,0,0,4,4.0,11.0,3.00,5.05,0.0,1,11.0,11.0,0.95,0.74,2.34,4,2,1,1,0,0,15.0
274,2,1,1,1,0,0,0,0,0,0,0.0,15.0,2.00,5.50,27.0,2,11.0,10.0,0.91,0.74,2.34,4,3,1,1,0,0,15.0
276,2,1,1,1,0,0,0,0,0,3,5.0,10.0,3.00,5.00,0.0,2,11.0,10.5,0.95,0.74,2.19,4,3,1,1,0,0,15.0
296,1,1,1,0,0,1,0,0,0,0,5.0,16.0,4.00,5.30,50.0,2,7.0,16.0,1.06,0.95,1.01,3,3,1,1,0,0,21.0
299,2,1,1,0,0,1,0,0,0,0,3.0,8.0,2.00,5.00,0.0,1,10.5,11.5,1.06,0.85,2.34,3,2,1,1,0,0,11.0
301,2,1,1,0,0,1,0,0,0,4,8.0,12.0,5.00,5.00,0.0,3,11.0,10.5,1.06,0.85,2.34,3,1,1,1,0,0,20.0
320,2,0,1,1,0,0,0,0,1,0,5.0,9.0,2.00,5.00,0.0,2,11.0,12.0,1.12,0.80,2.45,4,4,1,1,0,0,14.0
321,2,0,1,1,0,0,0,0,1,0,3.0,14.0,3.00,5.00,10.0,2,10.5,12.5,1.12,0.85,2.45,4,2,1,1,0,0,17.0
324,3,0,1,1,0,0,0,0,0,2,20.0,46.0,5.00,5.25,0.0,2,0.0,24.0,1.18,1.06,.,5,2,1,1,0,0,66.0
326,3,1,1,1,0,0,0,0,1,3,18.0,45.0,5.00,5.15,7.0,2,0.0,24.0,1.26,0.99,.,4,3,1,1,0,0,63.0
330,4,0,1,1,0,0,0,0,1,0,4.0,16.0,3.00,5.42,0.0,1,10.5,15.5,1.01,0.86,0.95,2,2,1,1,0,0,20.0
334,1,0,1,1,0,0,0,0,0,0,10.0,10.0,3.00,5.00,0.0,3,9.0,12.5,0.91,0.91,0.91,3,3,1,1,0,0,20.0
349,3,1,1,1,0,0,0,0,0,1,2.5,27.0,5.00,5.00,10.0,2,6.0,16.0,1.12,0.91,0.95,3,3,1,1,0,0,29.5
354,4,0,1,1,0,0,0,0,0,3,14.0,7.0,3.00,5.06,10.0,1,10.5,10.5,0.95,0.86,0.95,2,2,1,1,0,0,21.0
356,4,0,1,1,0,0,0,0,0,3,11.5,10.0,4.00,5.05,0.0,1,10.5,11.5,0.95,0.80,1.06,2,2,1,1,0,0,21.5
357,4,0,1,0,0,1,0,0,0,1,4.5,20.0,3.00,5.00,100.0,1,10.5,11.5,0.95,0.86,0.95,2,2,1,1,0,0,24.5
371,1,0,1,0,0,1,0,0,0,0,12.0,23.0,4.00,5.00,100.0,2,7.0,16.0,1.06,1.02,0.95,3,3,1,1,0,0,35.0
373,1,1,1,0,0,1,0,0,0,0,14.0,12.0,4.00,5.00,100.0,2,6.5,15.5,1.01,0.95,1.03,6,3,1,1,0,0,26.0
375,1,0,1,0,0,1,0,0,0,3,25.0,10.0,4.00,5.25,0.0,1,7.0,15.0,1.02,0.80,.,4,2,1,1,0,0,35.0
378,1,1,1,0,0,1,0,0,0,4,10.0,8.0,4.00,5.00,.,2,6.5,18.5,1.10,0.96,1.10,5,5,1,1,0,0,18.0
381,1,0,1,0,0,1,0,0,0,0,10.0,20.0,4.00,5.00,0.0,2,6.5,16.5,1.27,1.17,1.10,4,2,1,1,0,0,30.0
403,3,1,1,0,0,1,0,0,0,2,13.0,31.0,.,5.05,10.0,2,6.0,18.0,1.09,1.12,1.06,5,4,1,1,0,0,44.0
406,4,1,1,0,0,1,0,0,0,0,12.0,35.0,4.00,5.00,0.0,1,10.5,11.5,1.02,.,2.14,2,2,1,1,0,0,47.0
407,4,1,1,0,0,1,0,0,0,2,5.0,10.0,2.00,5.75,0.0,2,11.0,10.5,1.17,1.17,1.38,1,1,1,1,0,0,15.0
409,1,0,1,0,0,1,0,0,0,0,3.0,60.0,2.00,5.00,0.0,1,7.0,15.0,1.19,0.87,0.95,3,3,1,1,0,0,63.0
1,1,0,1,0,1,0,0,0,0,0,16.0,30.0,4.00,4.50,80.0,3,7.0,16.0,0.93,0.83,0.85,4,3,1,1,0,0,46.0
2,1,0,1,0,1,0,0,0,0,0,10.0,6.0,3.00,4.75,80.0,1,7.0,14.0,1.06,0.91,0.96,2,2,1,1,0,0,16.0
3,2,0,1,0,1,0,0,0,0,3,6.0,13.0,3.00,4.25,50.0,2,11.0,10.0,1.06,0.95,3.09,5,3,1,1,0,0,19.0
4,3,0,1,0,1,0,0,0,0,0,10.0,12.0,3.00,4.75,50.0,2,9.0,12.5,1.06,1.00,2.13,8,4,1,1,0,0,22.0
5,3,0,1,0,1,0,0,0,0,0,5.0,30.0,4.00,4.50,.,1,6.0,17.0,0.95,.,2.13,5,4,1,1,0,0,35.0
8,4,0,1,0,1,0,0,0,0,0,,25.0,4.00,4.80,.,1,10.5,12.0,1.02,0.91,2.28,2,1,1,1,0,0,
9,1,0,1,0,1,0,0,0,0,2,12.0,40.0,4.00,4.37,35.0,2,7.0,16.0,1.04,0.67,0.85,4,4,1,1,0,0,52.0
10,1,0,1,0,1,0,0,0,0,0,15.0,20.0,4.00,4.25,80.0,2,7.0,16.0,1.04,0.85,0.85,3,3,1,1,0,0,35.0
11,1,0,1,0,1,0,0,0,0,2,10.0,30.0,4.00,4.25,80.0,2,7.0,16.0,1.09,0.89,0.91,3,3,1,1,0,0,40.0
12,1,0,1,0,1,0,0,0,0,0,6.5,23.5,3.00,4.37,100.0,2,7.0,16.0,1.05,0.79,0.91,3,3,1,1,0,0,30.0
13,2,0,1,0,1,0,0,0,0,0,0.0,25.0,3.00,4.50,100.0,2,11.0,10.0,1.06,0.95,2.66,5,4,1,1,0,0,25.0
15,3,0,1,0,1,0,0,0,0,3,3.0,25.0,4.00,4.60,95.0,2,6.0,17.0,1.02,0.98,0.95,5,4,1,1,0,0,28.0
16,3,0,1,0,1,0,0,0,0,0,6.0,22.0,4.00,4.50,50.0,2,6.0,17.0,1.00,1.00,.,5,5,1,1,0,0,28.0
17,3,0,1,0,1,0,0,0,0,0,0.0,20.0,4.00,4.37,60.0,2,6.0,17.0,1.06,1.00,2.02,6,5,1,1,0,0,20.0
18,3,0,1,0,1,0,0,0,0,2,15.0,25.0,3.00,4.25,50.0,2,6.0,17.0,.,.,.,4,4,1,1,0,0,40.0
19,1,0,1,1,0,0,0,0,0,3,4.0,31.0,4.00,4.25,50.0,2,6.0,16.0,1.05,0.91,0.93,3,3,1,1,0,0,35.0
21,2,0,1,1,0,0,0,0,0,0,5.0,12.0,3.00,4.45,90.0,2,10.5,10.5,1.06,0.80,2.13,3,3,1,1,0,0,17.0
22,3,0,1,1,0,0,0,0,0,2,3.0,15.0,4.00,4.35,90.0,2,7.0,16.0,1.06,0.84,0.95,4,1,1,1,0,0,18.0
23,1,0,1,0,0,1,0,0,0,2,0.0,25.0,3.00,4.50,75.0,2,7.0,16.0,1.06,0.95,0.95,3,2,1,1,0,0,25.0
24,1,0,1,0,1,0,0,0,0,2,15.0,15.0,4.00,4.75,40.0,2,7.0,16.0,1.06,0.95,1.01,4,3,1,1,0,0,30.0
28,2,0,1,0,0,1,0,0,0,6,0.0,14.0,1.00,4.50,10.0,2,11.0,10.0,1.06,1.17,2.56,2,1,1,1,0,0,14.0
29,2,0,1,0,0,1,0,0,0,3,0.0,7.0,2.00,4.50,.,2,11.0,11.0,1.06,1.01,2.56,3,2,1,1,0,0,7.0
32,3,0,1,0,0,1,0,0,0,0,10.0,20.5,3.00,4.50,40.0,2,10.5,11.5,1.12,1.02,1.06,4,3,1,1,0,0,30.5
34,3,1,1,0,0,1,0,0,0,0,5.0,15.0,3.00,4.95,75.0,2,10.5,11.5,1.12,1.02,1.06,5,3,1,1,0,0,20.0
35,4,0,1,0,0,1,0,0,0,2,25.0,6.5,4.00,4.50,.,2,10.5,11.5,0.96,0.95,2.13,2,2,1,1,0,0,31.5
38,1,0,1,0,1,0,0,0,0,0,15.0,20.0,5.00,4.25,100.0,2,6.0,17.0,1.05,0.95,0.98,3,2,1,1,0,0,35.0
63,1,1,1,0,0,1,0,0,0,1,26.0,6.0,.,4.25,75.0,2,6.0,18.0,1.10,0.97,1.17,4,3,1,1,0,0,32.0
64,1,0,1,0,0,1,0,0,0,1,20.0,15.0,3.00,4.50,60.0,3,7.0,16.0,1.06,0.95,0.95,3,2,1,1,0,0,35.0
65,1,0,1,0,0,1,0,0,0,5,0.0,20.0,4.00,4.80,90.0,2,6.5,15.5,1.06,0.85,1.11,3,3,1,1,0,0,20.0
66,1,0,1,0,0,1,0,0,0,0,15.0,18.0,3.00,4.25,20.0,2,7.0,17.0,1.06,0.95,0.95,3,2,1,1,0,0,33.0
67,1,0,1,0,0,1,0,0,0,0,5.0,15.0,6.00,4.50,55.0,1,8.0,13.5,1.17,1.06,1.17,3,2,1,1,0,0,20.0
68,1,0,1,0,0,1,0,0,0,1,30.0,10.0,3.00,4.25,.,3,7.0,17.0,1.07,1.02,1.02,3,3,1,1,0,0,40.0
69,1,0,1,0,0,1,0,0,0,0,0.0,27.0,3.00,4.25,100.0,2,7.0,18.0,1.17,0.95,0.95,4,2,1,1,0,0,27.0
70,1,0,1,0,0,1,0,0,0,0,35.0,20.0,5.00,4.50,50.0,1,7.0,16.0,1.06,0.95,1.02,3,3,1,1,0,0,55.0
71,1,0,1,0,0,1,0,0,0,1,0.0,35.0,3.00,4.75,100.0,3,7.0,17.0,1.06,0.95,0.95,3,2,1,1,0,0,35.0
73,2,0,1,0,0,1,0,0,0,1,0.0,7.0,3.00,4.25,40.0,3,11.0,12.0,1.06,1.06,2.45,3,2,1,1,0,0,7.0
75,2,0,1,0,0,1,0,0,0,0,3.0,15.0,3.00,4.25,0.0,2,11.0,11.0,1.17,1.27,2.77,3,3,1,1,0,0,18.0
76,3,1,1,0,0,1,0,0,0,0,8.0,32.0,4.00,4.25,50.0,2,6.0,17.0,1.12,1.02,1.02,6,3,1,1,0,0,40.0
79,3,1,1,0,0,1,0,0,0,4,6.0,25.0,3.00,4.50,30.0,2,6.0,17.0,1.17,1.02,1.06,5,4,1,1,0,0,31.0
80,4,0,1,0,0,1,0,0,0,1,4.5,20.0,.,4.25,90.0,2,10.5,11.5,1.06,0.98,1.06,2,2,1,1,0,0,24.5
84,1,0,1,0,1,0,0,0,0,3,4.0,30.0,5.00,4.50,50.0,2,7.0,16.0,1.04,0.85,0.91,4,2,1,1,0,0,34.0
86,1,0,1,0,1,0,0,0,0,1,11.0,11.0,4.00,4.25,.,3,7.0,15.0,1.06,0.94,1.10,3,3,1,1,0,0,22.0
87,1,0,1,0,1,0,0,0,1,0,0.0,15.0,.,4.50,.,2,7.0,15.0,1.06,0.86,1.02,3,3,1,1,0,0,15.0
88,1,0,1,1,0,0,0,0,0,0,3.0,35.0,3.00,4.25,75.0,3,7.0,15.0,1.06,0.87,0.91,5,5,1,1,0,0,38.0
91,1,1,1,0,1,0,0,0,1,2,8.0,22.0,4.00,4.25,100.0,2,7.0,17.0,1.09,0.93,1.04,3,3,1,1,0,0,30.0
92,1,1,1,0,1,0,0,0,1,0,4.0,18.0,4.00,4.25,100.0,2,7.0,15.0,1.09,0.95,1.03,3,3,1,1,0,0,22.0
93,1,1,1,0,0,1,0,0,0,0,2.5,30.0,3.00,4.25,90.0,2,7.0,16.0,.,.,0.96,.,.,1,1,0,0,32.5
95,2,0,1,0,1,0,0,0,0,1,18.0,3.0,4.00,4.25,40.0,1,11.0,10.0,1.06,0.80,2.56,4,3,1,1,0,0,21.0
96,2,0,1,0,0,1,0,0,0,2,0.0,15.0,2.00,4.25,80.0,2,11.5,10.0,1.06,1.01,2.66,3,2,1,1,0,0,15.0
97,2,0,1,0,1,0,0,0,0,2,0.0,12.0,4.00,4.25,58.0,2,11.0,10.0,1.02,0.75,2.56,3,2,1,1,0,0,12.0
98,2,0,1,0,1,0,0,0,1,0,0.0,20.0,4.00,4.25,80.0,3,11.0,10.0,1.06,0.80,2.56,3,3,1,1,0,0,20.0
99,3,1,1,0,1,0,0,0,1,0,60.0,40.0,5.00,4.75,50.0,2,0.0,24.0,1.23,.,2.30,8,6,1,1,0,0,100.0
101,3,0,1,0,1,0,0,0,1,3,4.5,15.0,3.00,4.75,80.0,2,7.0,15.0,1.20,1.18,1.06,6,4,1,1,0,0,19.5
102,3,0,1,1,0,0,0,0,0,2,12.0,13.0,3.00,4.40,15.0,2,7.0,16.0,1.06,0.91,1.07,6,4,1,1,0,0,25.0
104,4,0,1,0,1,0,0,0,1,0,40.0,20.0,3.00,4.62,50.0,2,10.5,11.5,0.95,0.84,0.94,2,2,1,1,0,0,60.0
105,1,0,1,0,0,1,0,0,0,2,0.0,40.0,4.00,4.25,50.0,2,6.5,16.5,0.96,1.00,1.03,4,2,1,1,0,0,40.0
106,1,0,1,0,0,1,0,0,0,0,0.0,35.0,3.00,4.25,65.0,3,7.0,16.0,1.06,0.95,0.95,2,1,1,1,0,0,35.0
107,1,1,1,0,0,1,0,0,0,0,6.0,11.0,3.00,4.25,40.0,1,8.0,14.5,1.17,0.95,0.95,3,3,1,1,0,0,17.0
108,1,0,1,0,0,1,0,0,0,2,13.5,15.0,4.00,4.25,6.0,1,7.0,17.0,1.27,1.01,1.06,3,3,1,1,0,0,28.5
111,3,0,1,0,0,1,0,0,0,0,17.0,14.0,3.00,4.25,55.0,3,7.0,16.0,1.17,1.06,1.01,5,5,1,1,0,0,31.0
114,1,0,1,0,1,0,0,0,0,2,0.0,35.0,5.00,4.75,50.0,2,7.0,16.0,1.07,0.95,0.95,3,.,1,1,0,0,35.0
115,1,0,1,0,1,0,0,0,0,0,20.0,25.0,4.00,4.75,25.0,1,7.0,17.0,1.06,0.95,1.06,4,3,1,1,0,0,45.0
116,1,0,1,0,1,0,0,0,0,0,4.0,22.5,2.00,4.25,90.0,2,8.5,13.0,1.49,1.02,1.11,7,3,1,1,0,0,26.5
118,1,0,1,0,0,1,0,0,0,3,10.0,15.0,4.00,4.25,70.0,2,7.0,15.0,1.06,0.95,1.01,4,2,1,1,0,0,25.0
119,1,0,1,0,0,1,0,0,0,2,12.0,19.0,3.00,4.75,50.0,3,6.5,16.5,1.06,0.91,0.95,3,3,1,1,0,0,31.0
120,1,1,1,0,1,0,0,0,0,3,0.0,32.0,3.00,4.50,.,2,7.0,16.0,1.13,0.98,1.04,3,2,1,1,0,0,32.0
122,1,0,1,0,0,1,0,0,0,0,1.0,38.0,5.00,4.25,70.0,1,9.0,12.5,.,1.12,1.12,5,3,1,1,0,0,39.0
124,1,0,1,0,1,0,0,0,0,1,8.0,10.0,3.00,4.25,14.0,2,8.0,15.0,1.06,0.91,1.04,2,2,1,1,0,0,18.0
125,2,0,1,0,1,0,0,0,0,0,15.0,0.0,4.00,4.50,100.0,1,10.0,12.5,0.91,0.85,2.34,3,2,1,1,0,0,15.0
130,3,1,1,0,1,0,0,0,0,2,7.0,25.5,3.00,4.50,15.0,2,5.0,18.0,1.12,1.07,1.00,4,3,1,1,0,0,32.5
132,3,1,1,0,1,0,0,0,0,0,20.0,20.0,5.00,4.50,80.0,2,0.0,24.0,1.28,1.06,2.30,5,3,1,1,0,0,40.0
133,3,1,1,0,1,0,0,0,0,0,6.0,16.0,2.00,4.75,99.0,2,6.0,17.0,1.12,1.07,1.06,4,3,1,1,0,0,22.0
134,3,0,1,0,1,0,0,0,0,2,5.5,25.0,3.00,4.62,42.0,2,6.0,16.0,1.09,.,0.95,4,3,1,1,0,0,30.5
136,3,1,1,0,1,0,0,0,0,2,14.5,14.5,5.00,4.25,5.0,2,6.0,17.0,1.12,1.07,1.10,5,4,1,1,0,0,29.0
137,3,1,1,0,0,1,0,0,0,3,15.0,25.0,3.00,4.25,50.0,2,6.0,16.0,1.12,1.06,1.02,6,4,1,1,0,0,40.0
140,4,0,1,0,1,0,0,0,0,0,0.0,40.0,3.00,4.50,25.0,2,10.5,11.5,0.91,0.86,1.06,2,2,1,1,0,0,40.0
141,4,0,1,0,1,0,0,0,0,0,10.0,15.0,4.00,4.75,.,2,10.5,12.5,1.02,0.91,1.06,2,2,1,1,0,0,25.0
142,4,0,1,0,0,1,0,0,0,0,15.0,35.0,4.00,4.25,.,2,10.0,11.5,1.06,0.95,1.06,2,2,1,1,0,0,50.0
146,1,0,1,0,0,1,0,0,0,3,8.0,20.0,5.00,4.80,.,2,7.0,16.0,1.06,1.00,1.06,4,3,1,1,0,0,28.0
149,1,0,1,0,0,1,0,0,0,1,0.0,20.0,4.00,4.50,50.0,3,7.0,16.0,1.06,0.95,0.95,2,1,1,1,0,0,20.0
150,1,0,1,0,0,1,0,0,0,2,0.0,27.5,3.50,4.67,2.0,2,7.0,16.0,1.23,0.89,0.89,3,3,1,1,0,0,27.5
156,1,0,1,0,0,1,0,0,0,0,8.0,15.0,3.00,4.87,0.0,1,7.0,15.0,1.06,0.95,1.02,8,3,1,1,0,0,23.0
158,2,0,1,0,0,1,0,0,0,1,2.0,7.0,3.00,4.50,55.0,1,11.0,10.0,0.92,0.70,2.34,3,3,1,1,0,0,9.0
159,2,0,1,0,0,1,0,0,0,8,6.0,12.0,2.00,4.50,22.0,1,10.5,10.5,0.98,0.85,2.34,3,3,1,1,0,0,18.0
162,3,1,1,0,0,1,0,0,0,2,0.0,40.0,3.00,4.75,45.0,2,6.0,16.5,1.12,1.02,1.06,.,1,1,1,0,0,40.0
166,4,0,1,0,0,1,0,0,0,0,8.0,32.0,5.00,4.75,40.0,2,10.5,11.5,0.95,0.85,1.06,2,2,1,1,0,0,40.0
168,1,0,1,0,0,1,0,0,0,0,5.0,20.0,4.00,4.25,50.0,1,7.0,15.0,1.06,0.95,0.95,3,3,1,1,0,0,25.0
171,1,1,1,0,0,1,0,0,1,0,2.0,32.0,3.00,4.25,.,2,7.0,16.0,1.09,0.95,1.04,3,3,1,1,0,0,34.0
172,1,0,1,0,0,1,0,0,0,0,0.0,24.0,5.00,4.75,0.3,1,9.0,12.5,1.12,1.02,1.06,5,4,1,1,0,0,24.0
173,1,0,1,0,0,1,0,0,0,3,6.0,40.0,0.00,4.85,50.0,2,6.5,17.5,1.06,0.95,0.98,4,3,1,1,0,0,46.0
174,1,0,1,0,0,1,0,0,1,2,11.0,20.0,4.00,4.75,50.0,2,7.0,16.0,1.18,0.88,0.98,4,3,1,1,0,0,31.0
176,1,0,1,0,0,1,0,0,0,0,15.0,21.0,4.00,4.62,20.0,1,7.0,16.0,1.06,.,1.05,4,4,1,1,0,0,36.0
178,2,1,1,0,0,1,0,0,1,0,13.0,12.0,3.00,4.25,96.0,1,11.0,10.0,0.91,0.85,2.34,3,2,1,1,0,0,25.0
179,2,0,1,0,0,1,0,0,0,2,2.0,12.0,3.00,4.25,90.0,1,10.5,10.5,0.91,0.91,2.34,3,3,1,1,0,0,14.0
180,2,0,1,0,0,1,0,0,1,0,8.0,3.0,4.00,4.50,30.0,2,11.0,11.0,1.06,1.01,2.66,4,2,1,1,0,0,11.0
182,2,0,1,1,0,0,0,0,1,0,3.0,15.0,3.00,4.50,100.0,2,11.0,11.0,1.06,1.01,2.66,4,3,1,1,0,0,18.0
183,2,0,1,0,0,1,0,0,0,0,12.0,4.0,4.00,4.62,100.0,3,11.0,11.0,1.06,1.01,2.66,4,3,1,1,0,0,16.0
185,2,0,1,0,1,0,0,0,1,0,2.0,9.0,3.00,4.50,100.0,2,11.0,10.5,1.06,1.01,2.66,4,4,1,1,0,0,11.0
186,3,0,1,0,0,1,0,0,0,3,10.0,20.0,4.00,4.75,50.0,2,6.0,16.0,1.12,1.02,0.95,5,3,1,1,0,0,30.0
189,3,0,1,0,0,1,0,0,0,0,4.0,15.0,3.00,4.75,95.0,2,7.0,15.0,1.12,1.07,1.12,4,2,1,1,0,0,19.0
192,4,0,1,0,0,1,0,0,0,2,20.0,10.0,4.00,4.87,10.0,2,10.0,12.0,0.91,0.85,1.06,2,2,1,1,0,0,30.0
193,4,0,1,0,0,1,0,0,1,3,1.0,13.0,3.00,4.50,.,2,10.0,11.0,0.95,0.85,0.99,2,1,1,1,0,0,14.0
195,4,0,1,0,0,1,0,0,1,3,0.0,30.0,3.00,4.25,100.0,2,10.5,11.5,1.06,0.85,1.06,2,2,1,1,0,0,30.0
198,1,0,1,0,0,1,0,0,0,0,,,4.00,4.25,65.0,3,7.0,16.0,1.06,0.95,0.95,3,3,1,1,0,0,
199,2,0,1,0,0,1,0,0,0,0,0.0,12.0,3.00,4.35,25.0,1,11.0,10.0,0.85,0.80,2.34,4,3,1,1,0,0,12.0
200,1,0,1,0,0,1,0,0,0,0,0.0,60.0,3.00,4.25,15.0,2,6.0,18.0,1.06,0.91,0.98,4,3,1,1,0,0,60.0
201,1,0,1,0,0,1,0,0,0,0,0.0,33.0,3.00,4.50,65.0,2,7.0,17.0,1.06,1.02,0.95,3,3,1,1,0,0,33.0
202,1,0,1,0,0,1,0,0,0,2,30.0,14.0,4.00,4.25,15.0,2,6.0,19.0,1.17,0.95,0.63,3,3,1,1,0,0,44.0
203,1,0,1,0,0,1,0,0,0,2,9.0,12.0,2.00,4.25,50.0,2,7.0,17.0,1.06,0.95,0.95,3,3,1,1,0,0,21.0
204,1,0,1,0,0,1,0,0,0,0,10.0,8.5,4.00,4.25,31.0,2,6.5,17.5,1.06,1.00,1.06,3,3,1,1,0,0,18.5
207,2,1,1,0,0,1,0,0,0,0,8.0,10.0,4.00,4.75,25.0,1,11.0,12.0,1.06,0.85,2.34,4,2,1,1,0,0,18.0
208,3,1,1,0,0,1,0,0,0,1,12.0,32.0,4.00,4.62,95.0,2,6.0,17.0,1.19,0.94,0.85,4,4,1,1,0,0,44.0
209,3,1,1,0,0,1,0,0,0,0,4.0,36.0,4.00,4.25,75.0,2,6.0,18.0,1.17,0.95,0.95,5,5,1,1,0,0,40.0
210,4,1,1,0,0,1,0,0,0,3,0.0,19.0,2.00,4.50,90.0,2,10.5,11.5,1.06,0.95,0.95,4,2,1,1,0,0,19.0
211,1,0,1,1,0,0,0,0,0,2,3.0,28.0,4.00,4.50,80.0,2,7.0,15.0,1.02,0.95,0.95,3,3,1,1,0,0,31.0
212,1,0,1,1,0,0,0,0,0,0,11.0,17.5,3.00,4.50,95.0,1,7.0,16.0,1.06,0.88,0.84,3,2,1,1,0,0,28.5
213,1,1,1,1,0,0,0,0,0,1,4.5,20.0,4.00,4.55,50.0,2,6.5,17.5,0.96,0.93,0.93,4,3,1,1,0,0,24.5
214,1,0,1,1,0,0,0,0,0,0,2.0,30.0,3.00,4.62,75.0,2,7.0,16.0,1.02,0.89,0.91,2,2,1,1,0,0,32.0
215,1,0,1,1,0,0,0,0,0,0,10.0,10.0,3.00,4.50,100.0,2,7.0,16.0,1.06,0.89,0.91,3,3,1,1,0,0,20.0
216,2,0,1,1,0,0,0,0,0,0,2.0,11.0,3.00,4.25,100.0,1,11.0,10.5,1.06,0.95,2.77,4,3,1,1,0,0,13.0
217,2,1,1,1,0,0,0,0,0,0,2.0,13.0,2.00,4.25,73.0,1,11.0,10.0,0.95,0.74,2.19,4,3,1,1,0,0,15.0
218,2,1,1,1,0,0,0,0,0,0,7.0,4.0,2.00,4.35,5.0,1,11.0,10.0,0.85,0.74,2.34,3,2,1,1,0,0,11.0
219,2,1,1,1,0,0,0,0,0,0,3.0,9.0,3.00,4.25,50.0,2,11.0,10.0,0.91,0.74,2.34,4,3,1,1,0,0,12.0
220,2,0,1,1,0,0,0,0,0,4,3.0,15.0,2.00,4.25,50.0,2,11.0,10.0,1.06,0.95,2.77,5,3,1,1,0,0,18.0
221,2,0,1,1,0,0,0,0,0,0,1.0,28.0,3.00,4.60,95.0,1,11.0,11.0,1.02,0.95,2.56,4,3,1,1,0,0,29.0
222,3,1,1,1,0,0,0,0,0,3,2.0,24.0,3.00,4.25,75.0,2,9.0,12.5,1.12,0.85,1.06,3,1,1,1,0,0,26.0
223,3,1,1,1,0,0,0,0,0,2,3.0,18.0,3.00,4.75,30.0,2,6.0,16.0,.,.,.,3,2,1,1,0,0,21.0
225,3,1,1,1,0,0,0,0,0,0,3.0,27.0,3.00,4.75,25.0,2,6.0,17.0,1.06,0.91,0.91,6,3,1,1,0,0,30.0
226,4,0,1,1,0,0,0,0,0,0,0.0,22.0,2.00,4.25,60.0,1,10.5,11.5,0.95,0.71,0.95,2,2,1,1,0,0,22.0
228,4,0,1,1,0,0,0,0,0,0,3.0,28.5,3.00,4.50,20.0,3,10.5,12.5,0.95,0.86,0.95,2,2,1,1,0,0,31.5
229,1,0,1,0,0,1,0,0,0,2,3.0,40.0,3.00,4.50,30.0,2,8.5,13.5,0.95,0.95,1.06,5,4,1,1,0,0,43.0
230,1,0,1,0,0,1,0,0,0,0,0.0,25.0,3.00,4.25,60.0,1,7.0,17.0,1.02,0.95,0.95,3,2,1,1,0,0,25.0
232,1,0,1,0,0,1,0,0,0,3,18.0,6.0,3.00,4.75,46.0,3,7.0,16.0,1.06,0.95,0.95,3,3,1,1,0,0,24.0
233,1,0,1,0,0,1,0,0,0,0,19.0,7.0,3.00,4.65,10.0,2,7.0,16.0,1.17,0.95,0.95,2,2,1,1,0,0,26.0
235,1,0,1,0,0,1,0,0,0,2,5.0,17.0,1.00,4.25,100.0,2,7.0,16.0,1.02,0.95,1.04,3,2,1,1,0,0,22.0
237,1,0,1,0,0,1,0,0,0,2,12.0,11.0,4.00,4.25,50.0,2,7.0,16.0,1.11,0.95,1.01,2,2,1,1,0,0,23.0
238,2,1,1,0,0,1,0,0,0,2,0.0,22.0,3.00,4.75,100.0,1,11.0,12.0,1.06,1.02,2.34,5,3,1,1,0,0,22.0
239,2,0,1,0,0,1,0,0,0,1,15.0,4.0,3.00,4.25,35.0,1,10.5,13.5,1.05,0.95,2.74,5,3,1,1,0,0,19.0
243,3,1,1,0,0,1,0,0,0,0,7.0,25.0,3.00,4.50,40.0,2,6.0,16.5,1.07,1.02,0.74,6,3,1,1,0,0,32.0
244,3,1,1,0,0,1,0,0,0,3,12.0,30.0,3.00,4.25,40.0,2,6.0,18.0,1.17,1.12,1.02,4,3,1,1,0,0,42.0
247,4,0,1,0,0,1,0,0,0,3,0.0,40.0,4.00,4.50,75.0,2,10.5,15.5,1.06,1.05,1.06,2,2,1,1,0,0,40.0
248,4,0,1,0,0,1,0,0,0,2,8.0,16.0,6.00,4.75,.,2,10.0,16.0,1.17,0.95,0.85,2,2,1,1,0,0,24.0
249,1,0,1,1,0,0,0,0,1,1,6.0,6.0,4.00,4.37,63.0,1,7.0,15.0,1.13,1.06,0.95,3,2,1,1,0,0,12.0
250,2,1,1,1,0,0,0,0,1,2,1.0,4.0,2.00,4.50,100.0,1,11.0,10.0,0.85,.,.,4,1,1,1,0,0,5.0
253,3,1,1,1,0,0,0,0,0,0,7.0,7.0,3.00,4.87,.,2,7.0,13.0,1.23,1.06,2.30,2,2,1,1,0,0,14.0
257,1,0,1,1,0,0,0,0,1,2,20.0,10.0,3.00,4.25,10.0,2,7.0,16.0,1.02,0.88,0.91,2,2,1,1,0,0,30.0
258,1,0,1,1,0,0,0,0,0,0,4.0,22.0,3.00,4.25,38.0,2,7.0,16.0,1.06,0.92,0.90,3,3,1,1,0,0,26.0
260,1,1,1,1,0,0,0,0,0,2,10.0,20.0,4.00,4.25,100.0,2,7.0,16.0,1.06,0.93,0.88,4,2,1,1,0,0,30.0
262,1,0,1,1,0,0,0,0,0,0,7.0,13.0,3.00,4.25,78.0,2,6.5,16.5,1.06,0.95,1.06,4,4,1,1,0,0,20.0
264,1,0,1,1,0,0,0,0,0,5,0.0,10.0,2.00,4.25,60.0,3,7.0,15.0,1.02,0.88,0.91,2,2,1,1,0,0,10.0
265,1,0,1,1,0,0,0,0,0,3,0.0,20.0,1.00,4.25,100.0,2,7.0,16.0,1.02,0.88,0.94,3,3,1,1,0,0,20.0
267,1,0,1,1,0,0,0,0,0,0,6.5,20.0,3.00,4.25,80.0,2,7.0,16.0,0.90,0.80,0.80,3,2,1,1,0,0,26.5
269,2,1,1,1,0,0,0,0,0,0,2.0,10.0,3.00,4.45,33.0,2,11.0,10.0,0.95,0.69,1.50,4,3,1,1,0,0,12.0
273,2,1,1,1,0,0,0,0,0,0,2.0,14.0,4.00,4.62,95.0,1,11.0,10.0,0.95,0.74,2.34,4,3,1,1,0,0,16.0
275,2,1,1,1,0,0,0,0,0,0,4.0,4.0,4.00,4.25,38.0,2,11.0,11.0,0.95,0.79,2.34,4,3,1,1,0,0,8.0
277,2,1,1,1,0,0,0,0,0,0,2.0,15.0,3.00,4.25,10.0,3,11.0,10.0,0.95,0.85,2.34,3,3,1,1,0,0,17.0
278,2,1,1,1,0,0,0,0,0,0,3.0,4.0,3.00,4.25,43.0,2,11.0,10.0,0.95,0.74,2.19,4,3,1,1,0,0,7.0
282,3,1,1,1,0,0,0,0,0,2,2.0,14.0,3.00,4.25,25.0,2,6.0,16.0,1.06,0.91,0.79,4,3,1,1,0,0,16.0
284,3,1,1,1,0,0,0,0,0,1,5.0,23.0,4.00,4.50,88.0,2,6.0,16.0,1.02,0.91,0.91,5,4,1,1,0,0,28.0
285,3,1,1,1,0,0,0,0,0,1,3.0,25.0,3.00,4.75,70.0,2,6.0,16.0,1.02,0.91,0.80,4,2,1,1,0,0,28.0
286,3,1,1,1,0,0,0,0,0,4,1.0,15.0,3.00,4.75,66.0,2,10.0,11.5,1.12,.,0.95,2,1,1,1,0,0,16.0
287,3,1,1,1,0,0,0,0,0,2,3.0,18.0,3.00,4.50,70.0,2,6.0,16.0,1.06,0.91,0.95,5,3,1,1,0,0,21.0
288,3,1,1,1,0,0,0,0,0,3,0.0,20.0,3.00,4.75,15.0,2,6.0,16.0,1.02,0.95,0.95,6,4,1,1,0,0,20.0
289,3,1,1,1,0,0,0,0,0,2,2.0,12.0,2.00,4.25,50.0,2,6.0,16.0,1.02,0.95,0.95,5,3,1,1,0,0,14.0
290,4,0,1,1,0,0,0,0,0,1,8.0,12.0,3.00,4.75,35.0,3,10.5,12.5,0.95,0.89,0.95,2,2,1,1,0,0,20.0
291,4,0,1,1,0,0,0,0,0,0,4.0,20.0,3.00,4.55,25.0,1,10.5,11.5,0.95,0.86,0.95,2,2,1,1,0,0,24.0
292,4,0,1,1,0,0,0,0,1,2,10.0,15.0,3.00,4.80,2.0,1,7.0,16.0,0.95,0.92,0.95,2,1,1,1,0,0,25.0
295,1,0,1,0,0,1,0,0,0,3,8.0,9.0,3.00,4.75,100.0,2,6.5,16.5,1.06,0.95,0.95,3,3,1,1,0,0,17.0
297,1,1,1,0,0,1,0,0,0,1,9.0,15.0,3.00,4.25,100.0,2,7.0,16.0,1.06,0.91,0.98,3,3,1,1,0,0,24.0
303,3,1,1,0,0,1,0,0,0,0,10.0,35.0,3.00,4.35,28.0,2,6.0,17.0,1.12,1.00,1.02,6,5,1,1,0,0,45.0
304,3,0,1,0,0,1,0,0,0,3,10.0,20.0,3.00,4.50,50.0,2,6.0,17.0,1.27,1.27,2.24,5,3,1,1,0,0,30.0
305,3,1,1,0,0,1,0,0,0,2,0.0,20.0,3.00,4.39,.,2,6.0,17.0,1.27,1.27,1.06,5,4,1,1,0,0,20.0
307,3,1,1,0,0,1,0,0,0,0,17.5,17.5,4.00,4.25,90.0,2,6.0,18.0,1.19,1.19,1.06,5,5,1,1,0,0,35.0
310,4,0,1,0,0,1,0,0,0,2,0.0,28.0,4.00,4.25,61.0,2,10.5,11.5,0.91,0.91,1.94,2,1,1,1,0,0,28.0
312,1,0,1,1,0,0,0,0,1,3,4.0,6.0,3.00,4.25,100.0,1,8.0,11.0,1.22,1.06,0.93,3,1,1,1,0,0,10.0
313,1,0,1,1,0,0,0,0,1,0,11.0,9.0,4.00,4.50,80.0,1,7.0,15.0,1.06,0.93,0.94,3,2,1,1,0,0,20.0
314,1,0,1,1,0,0,0,0,1,8,8.0,12.0,3.00,4.62,80.0,1,7.0,15.0,1.06,0.95,0.91,3,2,1,1,0,0,20.0
316,1,1,1,1,0,0,0,0,1,0,15.0,15.0,3.00,4.62,10.0,2,7.0,16.0,1.06,0.92,0.87,3,2,1,1,0,0,30.0
317,1,0,1,1,0,0,0,0,1,3,0.0,8.0,2.00,4.25,100.0,1,8.0,12.0,1.22,0.93,0.96,3,1,1,1,0,0,8.0
318,2,0,1,1,0,0,0,0,1,3,5.0,7.0,3.00,4.75,36.0,2,11.0,12.0,1.23,0.98,2.61,3,3,1,1,0,0,12.0
319,2,0,1,1,0,0,0,0,1,2,0.0,11.0,3.00,4.62,.,2,10.5,12.5,1.06,0.85,3.95,.,.,1,1,0,0,11.0
322,3,1,1,1,0,0,0,0,1,0,8.0,13.0,4.00,4.75,25.0,2,6.0,16.0,1.06,1.06,1.02,6,2,1,1,0,0,21.0
325,3,1,1,1,0,0,0,0,1,0,4.0,15.0,4.00,4.50,50.0,2,6.0,15.0,1.09,1.06,0.79,6,3,1,1,0,0,19.0
333,1,0,1,0,1,0,0,0,0,0,2.0,16.5,4.00,4.25,100.0,2,7.0,15.0,1.02,0.88,0.82,4,.,1,1,0,0,18.5
336,1,0,1,1,0,0,0,0,0,2,28.0,12.0,4.00,4.50,80.0,2,7.0,15.0,1.02,0.91,0.93,3,2,1,1,0,0,40.0
337,1,1,1,1,0,0,0,0,0,0,5.0,29.5,5.00,4.87,90.0,3,7.0,17.0,1.06,0.93,0.93,4,3,1,1,0,0,34.5
339,1,1,1,1,0,0,0,0,0,2,18.0,6.0,2.00,4.25,70.0,3,7.0,16.0,1.06,0.85,0.95,3,3,1,1,0,0,24.0
340,1,0,1,1,0,0,0,0,0,3,6.0,30.0,3.00,4.25,30.0,2,7.5,14.5,0.96,0.95,0.85,5,4,1,1,0,0,36.0
341,2,1,1,1,0,0,0,0,0,0,2.0,7.0,2.00,4.62,33.0,1,11.0,9.5,0.95,0.74,2.34,3,3,1,1,0,0,9.0
343,2,1,1,1,0,0,0,0,0,0,10.0,6.0,2.00,4.75,43.0,2,11.0,10.5,0.95,0.74,2.34,4,3,1,1,0,0,16.0
346,2,1,1,1,0,0,0,0,0,0,2.0,10.5,2.00,4.25,.,2,11.0,10.0,0.95,.,.,4,3,1,1,0,0,12.5
348,3,1,1,0,1,0,0,0,0,0,3.0,10.5,3.00,4.25,75.0,2,10.5,10.5,1.02,1.06,0.95,3,2,1,1,0,0,13.5
350,3,1,1,1,0,0,0,0,0,0,8.0,9.0,4.00,4.75,60.0,2,6.0,16.0,1.06,0.91,1.12,5,.,1,1,0,0,17.0
351,3,1,1,1,0,0,0,0,0,1,2.0,27.5,3.00,4.25,.,2,6.0,16.0,1.02,0.90,0.95,4,3,1,1,0,0,29.5
352,3,1,1,0,0,1,0,0,0,0,0.0,19.0,4.00,4.75,50.0,2,10.0,11.5,1.12,0.91,0.99,2,2,1,1,0,0,19.0
353,3,1,1,1,0,0,0,0,0,0,7.5,22.5,3.00,4.37,90.0,2,6.0,16.0,1.07,0.85,0.95,5,3,1,1,0,0,30.0
355,4,0,1,0,1,0,0,0,0,0,2.0,17.0,3.00,4.87,100.0,1,10.5,11.5,0.95,0.92,0.95,2,2,1,1,0,0,19.0
359,1,1,1,1,0,0,0,0,0,1,0.0,22.0,4.00,4.25,100.0,2,7.0,15.0,1.02,0.85,0.82,3,3,1,1,0,0,22.0
360,1,0,1,1,0,0,0,0,0,0,3.0,25.0,2.00,4.25,100.0,2,7.0,15.0,1.06,0.84,0.89,3,3,1,1,0,0,28.0
361,1,0,1,1,0,0,0,0,0,0,6.0,13.0,5.00,4.25,100.0,2,7.0,16.0,1.02,0.91,0.85,3,3,1,1,0,0,19.0
362,2,0,1,1,0,0,0,0,0,0,6.0,13.0,.,4.25,100.0,2,10.5,12.5,1.06,0.81,2.45,5,3,1,1,0,0,19.0
363,2,0,1,1,0,0,0,0,0,2,0.0,25.0,3.00,4.25,75.0,2,10.5,12.5,1.06,0.80,2.45,4,3,1,1,0,0,25.0
364,2,0,1,1,0,0,0,0,0,3,3.5,20.0,3.00,4.25,.,2,11.0,12.0,0.95,0.85,2.45,4,4,1,1,0,0,23.5
366,3,0,1,1,0,0,0,0,0,3,2.0,17.0,3.00,4.50,50.0,2,10.5,11.5,1.02,0.91,0.63,5,4,1,1,0,0,19.0
368,4,0,1,1,0,0,0,0,0,1,0.0,20.0,3.00,4.25,20.0,3,10.5,12.5,0.89,0.86,0.95,2,1,1,1,0,0,20.0
369,1,1,1,0,0,1,0,0,0,1,0.0,15.0,4.00,4.35,87.0,2,7.0,15.0,1.17,1.06,1.17,3,2,1,1,0,0,15.0
370,1,0,1,0,0,1,0,0,0,0,20.0,11.5,3.30,4.85,80.0,3,7.0,16.0,1.06,0.95,0.95,3,2,1,1,0,0,31.5
376,1,0,1,0,0,1,0,0,0,3,4.0,10.0,4.00,4.50,.,2,8.0,14.0,0.95,0.95,0.96,8,4,1,1,0,0,14.0
377,1,0,1,0,0,1,0,0,0,3,12.0,6.0,3.00,4.25,90.0,2,8.0,14.0,1.06,0.95,0.95,3,2,1,1,0,0,18.0
379,1,0,1,0,0,1,0,0,0,0,20.0,12.0,4.00,4.62,30.0,3,7.0,16.0,1.06,1.06,0.95,3,2,1,1,0,0,32.0
380,1,0,1,0,0,1,0,0,0,0,10.0,15.0,3.00,4.50,50.0,3,7.0,16.0,1.06,0.95,0.95,3,2,1,1,0,0,25.0
383,1,0,1,0,0,1,0,0,0,3,6.0,4.0,2.00,4.50,30.0,1,7.0,16.0,1.15,0.95,0.95,2,2,1,1,0,0,10.0
384,1,0,1,0,0,1,0,0,0,3,,,3.00,4.65,.,2,7.0,16.0,1.06,0.95,0.95,3,2,1,1,0,0,
385,1,0,1,0,0,1,0,0,0,2,16.0,14.0,3.00,4.25,25.0,1,7.0,17.0,.,.,.,3,2,1,1,0,0,30.0
386,1,0,1,0,0,1,0,0,0,0,0.0,19.0,3.00,4.25,.,1,7.0,17.0,1.06,0.95,0.95,3,2,1,1,0,0,19.0
391,2,0,1,0,0,1,0,0,0,3,15.0,5.0,2.00,4.25,12.0,2,11.0,10.0,1.06,1.06,2.66,3,3,1,1,0,0,20.0
393,2,1,1,0,0,1,0,0,0,4,4.0,10.0,3.00,4.62,100.0,2,11.0,11.0,1.17,1.27,2.77,3,2,1,1,0,0,14.0
396,3,1,1,0,0,1,0,0,0,1,24.0,16.0,4.00,4.87,10.0,2,6.0,17.0,1.27,1.07,2.13,5,3,1,1,0,0,40.0
397,3,1,1,0,0,1,0,0,0,2,4.0,28.0,3.00,4.25,85.0,2,6.0,17.0,1.12,1.02,1.06,4,3,1,1,0,0,32.0
398,3,1,1,0,0,1,0,0,0,1,14.0,13.0,4.00,4.75,25.0,2,6.0,17.0,1.12,1.06,1.06,5,4,1,1,0,0,27.0
399,3,1,1,0,0,1,0,0,0,0,13.0,8.0,3.00,4.87,.,2,6.0,17.0,1.27,1.04,1.12,7,3,1,1,0,0,21.0
400,3,1,1,0,0,1,0,0,0,0,16.0,15.0,3.00,4.50,50.0,3,6.0,17.0,1.20,1.06,1.06,5,5,1,1,0,0,31.0
401,3,0,1,0,0,1,0,0,0,0,8.0,6.0,4.00,4.25,18.0,2,7.0,16.0,1.12,1.02,1.02,6,4,1,1,0,0,14.0
402,3,1,1,0,0,1,0,0,0,2,11.0,10.0,3.00,4.75,20.0,2,6.0,16.0,1.12,1.02,1.06,4,2,1,1,0,0,21.0
405,3,1,1,0,0,1,0,0,0,3,6.0,17.0,3.00,4.32,57.0,2,6.0,17.0,1.12,1.02,1.06,7,4,1,1,0,0,23.0
410,1,0,1,0,0,1,0,0,0,0,0.0,35.0,3.00,4.25,.,3,7.0,16.0,1.04,1.12,1.02,4,3,1,1,0,0,35.0
411,1,0,1,0,0,1,0,0,0,1,0.0,36.0,3.00,4.50,100.0,2,7.0,16.0,1.16,1.02,1.09,5,4,1,1,0,0,36.0
412,2,0,1,0,1,0,0,0,0,0,0.0,17.0,2.00,4.50,18.0,1,11.0,11.0,1.06,1.02,2.34,5,2,1,1,0,0,17.0
413,1,0,1,0,0,1,0,0,0,0,0.0,36.0,5.00,4.25,100.0,1,6.0,17.0,1.12,1.02,1.06,4,3,1,1,0,0,36.0
414,1,0,1,0,0,1,0,0,0,0,0.0,36.0,5.00,4.25,45.0,1,7.0,16.0,1.06,0.95,1.11,4,2,1,1,0,0,36.0
415,1,0,1,0,0,1,0,0,0,0,8.0,32.0,5.00,4.25,65.0,2,7.0,16.0,1.06,0.91,0.98,5,3,1,1,0,0,40.0
417,1,1,1,0,0,1,0,0,0,0,4.0,28.0,3.00,4.25,90.0,2,7.0,16.0,1.05,0.94,1.07,4,4,1,1,0,0,32.0
418,1,0,1,0,0,1,0,0,0,2,30.0,15.0,4.00,4.25,10.0,2,8.0,15.0,1.02,1.01,0.52,4,3,1,1,0,0,45.0
419,2,1,1,0,0,1,0,0,0,4,3.0,10.0,4.00,4.25,15.0,2,11.0,11.0,1.06,0.85,2.34,4,4,1,1,0,0,13.0
421,2,1,1,0,0,1,0,0,0,3,20.0,10.0,8.00,4.62,10.0,2,10.5,13.0,1.06,0.85,2.34,4,2,1,1,0,0,30.0
422,2,0,1,0,0,1,0,0,0,2,0.0,7.0,3.00,4.75,.,2,10.0,11.0,1.06,0.85,2.34,4,2,1,1,0,0,7.0
423,2,1,1,0,0,1,0,0,0,3,2.0,10.0,2.00,4.95,33.0,1,11.0,12.0,1.06,0.85,2.34,3,2,1,1,0,0,12.0
424,2,1,1,0,0,1,0,0,0,0,3.5,6.5,3.00,4.75,45.0,1,11.0,11.0,1.06,0.85,2.34,5,3,1,1,0,0,10.0
426,3,1,1,0,0,1,0,0,0,0,3.0,33.0,5.00,4.25,75.0,2,5.0,19.0,1.18,1.02,1.06,5,3,1,1,0,0,36.0
427,4,0,1,0,0,1,0,0,0,3,7.0,8.0,3.00,4.75,40.0,2,10.5,12.5,1.06,0.98,2.03,2,2,1,1,0,0,15.0
428,4,0,1,0,0,1,0,0,0,2,0.0,33.0,3.00,4.62,100.0,2,10.5,12.5,1.06,0.98,1.06,2,2,1,1,0,0,33.0
46,1,0,0,0,0,0,1,0,0,1,3.5,35.0,3.00,4.30,2,6.50,16.50,1.03,.,0.94,4,4,,2,0,1,0,38.5
49,2,0,0,0,0,0,1,0,0,.,0.0,15.0,4.00,4.45,2,10.00,13.00,1.01,0.89,2.35,4,4,,2,0,1,0,15.0
506,2,1,0,0,0,0,1,0,0,.,3.0,7.0,4.00,5.00,1,11.00,11.00,0.95,0.74,2.33,4,3,,2,0,1,0,10.0
56,4,1,0,0,0,0,1,0,0,.,0.0,36.0,2.00,5.25,2,10.00,12.00,0.92,0.79,0.87,2,2,,2,0,1,0,36.0
61,4,1,0,0,0,0,1,0,0,.,28.0,3.0,6.00,4.75,2,10.00,12.00,1.01,0.84,0.95,2,2,,2,0,1,0,31.0
62,4,1,0,0,0,0,1,0,0,.,,,.,.,2,10.00,12.00,.,0.84,1.79,3,3,,2,0,1,0,
445,1,0,0,0,0,0,0,1,0,.,15.0,18.0,5.00,4.75,2,6.00,18.00,1.04,0.86,0.94,3,3,,2,0,1,0,33.0
451,1,0,0,0,0,0,0,1,0,2,26.0,9.0,6.00,5.00,2,0.00,24.00,1.11,0.84,0.94,6,3,,2,0,1,0,35.0
455,2,1,0,0,0,0,0,1,0,.,3.0,12.0,2.00,5.00,2,11.00,11.00,0.94,0.84,2.32,4,3,,2,0,1,0,15.0
458,2,1,0,0,0,0,1,0,0,1,2.0,9.0,2.00,5.00,1,11.00,10.50,0.90,0.73,2.32,4,3,,2,0,1,0,11.0
462,3,1,0,0,0,0,0,1,0,1,1.0,25.0,4.00,4.75,2,9.00,12.00,1.01,1.01,0.89,6,3,,2,0,1,0,26.0
468,1,0,0,0,0,0,0,1,0,.,9.0,32.0,4.00,5.00,2,6.00,18.00,0.97,0.84,0.86,4,3,,2,0,1,0,41.0
469,1,0,0,0,0,0,0,1,0,1,7.0,39.0,4.00,4.50,2,6.00,18.00,0.92,0.81,0.87,3,3,,2,0,1,0,46.0
470,1,0,0,0,0,0,0,1,0,2,18.0,10.0,3.00,4.75,2,6.00,18.00,1.03,0.84,0.94,3,2,,2,0,1,0,28.0
474,1,0,0,0,0,0,0,1,0,1,5.0,20.0,3.00,4.50,2,8.50,13.00,1.09,0.94,0.94,3,2,,2,0,1,0,25.0
481,2,1,0,0,0,0,0,1,0,2,15.0,4.0,3.00,5.00,2,11.00,11.00,0.74,0.73,2.53,3,3,,2,0,1,0,19.0
483,2,1,0,0,0,0,0,1,0,.,4.0,13.0,3.00,4.75,1,11.00,11.00,0.95,0.74,2.33,4,3,,2,0,1,0,17.0
487,3,1,0,0,0,0,0,1,0,.,6.0,20.0,3.00,4.75,2,10.50,11.00,1.05,1.01,0.94,6,1,,2,0,1,0,26.0
488,3,0,0,0,0,0,0,1,0,.,5.0,15.0,3.00,4.75,2,7.00,15.00,1.01,1.01,0.94,5,3,,2,0,1,0,20.0
489,3,0,0,0,0,0,0,1,0,2,2.0,19.0,3.00,4.25,2,10.00,11.50,1.01,1.01,1.05,6,3,,2,0,1,0,21.0
490,3,1,0,0,0,0,0,1,0,1,2.0,18.0,3.00,5.00,2,6.00,16.00,1.01,1.01,1.05,5,3,,2,0,1,0,20.0
493,3,1,0,0,0,0,1,0,0,.,0.0,30.0,4.00,4.90,2,6.00,16.00,1.02,1.01,0.84,3,3,,2,0,1,0,30.0
495,3,0,0,0,0,0,0,1,0,.,8.0,20.0,3.00,5.00,2,6.00,16.00,0.96,1.01,1.01,5,3,,2,0,1,0,28.0
496,3,1,0,0,0,0,0,1,0,.,10.0,10.0,3.00,4.75,2,6.00,16.00,1.01,1.01,0.89,.,.,,2,0,1,0,20.0
499,4,1,0,0,0,0,0,1,0,1,0.0,31.0,5.00,5.00,2,10.00,12.00,0.90,0.69,0.94,2,2,,2,0,1,0,31.0
509,3,1,0,0,0,0,0,1,0,.,5.5,10.0,3.00,4.25,2,6.50,15.50,1.00,1.01,0.94,3,2,,2,0,1,0,15.5
515,3,1,0,0,0,0,0,1,0,.,5.0,19.0,3.00,4.75,2,6.00,16.00,1.01,1.01,0.94,5,4,,2,0,1,0,24.0
37,1,0,0,0,0,0,1,0,0,.,6.0,25.0,7.00,4.25,2,6.50,16.50,0.98,0.84,0.86,6,3,,2,0,1,0,31.0
39,1,0,0,0,0,0,1,0,0,.,5.0,15.0,3.00,.,2,6.50,16.50,1.05,.,0.63,4,2,,2,0,1,0,20.0
40,1,0,0,0,0,0,1,0,0,.,7.0,25.0,6.00,4.25,2,6.50,17.50,0.98,0.82,0.87,3,2,,2,0,1,0,32.0
41,1,0,0,0,0,0,1,0,0,2,0.0,42.0,6.00,4.25,2,6.50,17.50,0.94,0.78,0.91,3,2,,2,0,1,0,42.0
42,1,0,0,0,0,0,1,0,0,1,0.0,22.0,5.00,4.25,2,6.50,16.50,0.94,.,.,3,2,,2,0,1,0,22.0
45,1,0,0,0,0,0,1,0,0,.,11.0,12.0,2.00,4.25,3,6.50,17.50,0.98,0.75,0.86,3,3,,2,0,1,0,23.0
47,1,0,0,0,0,0,1,0,0,.,0.0,45.0,2.00,4.25,2,6.00,18.00,1.05,0.86,0.86,3,.,,2,0,1,0,45.0
48,1,0,0,0,0,0,1,0,0,.,7.5,25.0,5.00,4.38,3,7.00,14.00,0.98,0.79,0.87,4,3,,2,0,1,0,32.5
50,2,0,0,0,0,0,1,0,0,.,4.0,20.0,3.00,4.75,2,10.00,13.00,1.01,0.89,2.35,4,3,,2,0,1,0,24.0
51,2,0,0,0,0,0,1,0,0,2,6.0,15.0,3.00,4.25,2,10.00,13.00,1.00,0.89,2.35,5,3,,2,0,1,0,21.0
57,4,1,0,0,0,0,1,0,0,1,7.0,18.0,4.00,4.50,2,10.00,12.00,1.01,0.78,0.90,2,2,,2,0,1,0,25.0
58,4,1,0,0,0,0,1,0,0,2,0.0,28.0,4.00,4.50,2,10.00,12.00,1.04,0.84,0.94,2,2,,2,0,1,0,28.0
59,4,0,0,0,0,0,1,0,0,1,0.0,16.0,4.00,4.25,1,7.50,10.50,1.01,0.84,0.86,2,2,,2,0,1,0,16.0
60,4,0,0,0,0,0,1,0,0,2,10.0,20.0,5.00,4.25,1,10.00,12.00,0.98,0.84,0.86,2,2,,2,0,1,0,30.0
407,2,1,0,0,0,0,0,1,0,.,1.0,14.0,3.00,4.25,1,11.00,11.00,0.95,0.84,2.53,4,3,,2,0,1,0,15.0
430,1,0,0,0,0,0,1,0,0,.,0.0,48.0,3.00,4.25,2,7.00,16.00,0.91,0.73,0.75,3,3,,2,0,1,0,48.0
432,1,0,0,0,0,0,1,0,0,1,25.0,10.0,4.00,5.05,2,7.00,16.00,0.94,0.74,0.79,3,1,,2,0,1,0,35.0
433,1,0,0,0,0,0,1,0,0,6,0.0,42.0,4.00,.,2,7.00,16.00,0.94,0.74,0.74,3,3,,2,0,1,0,42.0
434,1,0,0,0,0,0,1,0,0,.,19.0,29.0,4.00,4.25,2,7.00,16.00,0.95,0.80,0.80,3,3,,2,0,1,0,48.0
435,1,0,0,0,0,0,1,0,0,.,0.0,32.0,5.00,4.25,2,6.50,15.50,0.94,0.74,0.79,3,2,,2,0,1,0,32.0
438,2,0,0,0,0,0,1,0,0,.,2.0,9.0,3.00,4.25,2,11.00,9.00,0.95,0.84,2.43,2,1,,2,0,1,0,11.0
440,4,0,0,0,0,0,1,0,0,.,0.0,30.0,3.00,.,2,10.50,11.50,1.00,0.80,1.80,2,2,,2,0,1,0,30.0
441,4,0,0,0,0,0,1,0,0,.,0.0,30.0,3.00,4.25,2,10.50,11.50,1.00,0.80,1.81,2,2,,2,0,1,0,30.0
443,4,0,0,0,0,0,1,0,0,.,5.0,20.0,4.00,4.35,2,10.50,11.50,1.00,0.80,1.81,2,2,,2,0,1,0,25.0
444,4,0,0,0,0,0,1,0,0,.,10.0,35.0,4.00,4.50,2,10.50,11.50,0.89,.,0.79,2,2,,2,0,1,0,45.0
446,1,0,0,0,0,0,0,1,0,.,7.0,24.0,4.00,5.00,2,6.00,18.00,0.97,0.84,0.91,4,3,,2,0,1,0,31.0
448,1,0,0,0,0,0,0,1,0,1,8.0,27.0,3.00,4.50,2,6.00,18.00,0.96,0.83,0.87,3,3,,2,0,1,0,35.0
449,1,0,0,0,0,0,0,1,0,.,15.0,15.0,5.00,5.00,2,6.00,18.00,0.97,0.84,0.73,3,3,,2,0,1,0,30.0
450,1,0,0,0,0,0,0,1,0,2,27.5,8.0,3.00,4.75,2,6.00,18.00,0.91,0.84,0.86,3,3,,2,0,1,0,35.5
454,2,1,0,0,0,0,0,1,0,.,0.0,18.0,5.00,5.00,1,11.00,11.00,0.94,0.73,2.64,4,3,,2,0,1,0,18.0
459,3,1,0,0,0,0,0,1,0,1,0.0,20.0,5.00,4.35,2,7.00,15.00,1.01,1.01,0.89,4,2,,2,0,1,0,20.0
466,4,0,0,0,0,0,0,1,0,5,14.0,12.0,3.00,.,1,10.50,11.50,0.94,.,.,2,2,,2,0,1,0,26.0
471,1,0,0,0,0,0,0,1,0,.,12.0,23.0,3.00,4.25,2,6.00,18.00,0.97,0.86,0.91,3,1,,2,0,1,0,35.0
472,1,0,0,0,0,0,0,1,0,.,8.0,25.0,3.00,4.90,2,6.00,17.00,0.96,0.84,0.91,3,3,,2,0,1,0,33.0
473,1,0,0,0,0,0,0,1,0,1,26.0,15.0,2.00,4.50,2,6.00,17.00,0.97,0.84,0.86,3,3,,2,0,1,0,41.0
475,1,0,0,0,0,0,0,1,0,.,10.0,16.0,3.00,4.50,1,7.00,15.00,1.02,0.94,0.90,3,3,,2,0,1,0,26.0
476,1,0,0,0,0,0,1,0,0,1,5.0,30.0,3.00,4.75,2,6.00,18.00,0.96,0.84,1.18,3,3,,2,0,1,0,35.0
477,1,0,0,0,0,0,0,1,0,.,6.0,20.0,4.00,6.25,2,6.00,17.00,0.96,0.84,0.89,3,3,,2,0,1,0,26.0
478,1,0,0,0,0,0,1,0,0,1,8.0,30.0,4.00,4.35,2,6.00,18.00,1.01,0.88,0.91,3,2,,2,0,1,0,38.0
485,2,1,0,0,0,0,0,1,0,.,4.0,12.0,3.00,4.50,2,11.00,11.00,1.01,0.73,2.32,4,3,,2,0,1,0,16.0
491,3,0,0,0,0,0,0,1,0,3,0.0,0.0,0.00,.,.,.,.,.,.,.,.,.,,2,0,1,0,0.0
492,3,1,0,0,0,0,0,1,0,.,4.0,15.0,2.00,4.50,2,9.00,12.50,1.11,1.11,1.05,2,1,,2,0,1,0,19.0
497,4,1,0,0,0,0,0,1,0,.,,,5.00,.,2,10.00,12.00,1.01,0.90,0.79,2,2,,2,0,1,0,
498,4,1,0,0,0,0,0,1,0,2,21.0,5.5,3.00,5.00,2,10.00,12.00,0.98,0.84,0.90,2,2,,2,0,1,0,26.5
501,1,0,0,0,0,0,0,1,0,2,30.0,15.0,6.00,4.75,1,6.00,18.00,1.03,0.91,0.91,3,3,,2,0,1,0,45.0
503,1,0,0,0,0,0,0,1,0,.,35.0,6.5,3.00,4.50,2,6.00,18.00,0.97,0.84,1.00,3,3,,2,0,1,0,41.5
510,3,1,0,0,0,0,0,1,0,2,2.5,17.5,3.00,.,2,7.00,15.00,1.05,1.01,.,5,3,,2,0,1,0,20.0
511,3,1,0,0,0,0,0,1,0,.,3.0,13.0,3.00,4.75,2,7.00,15.00,1.01,1.01,0.89,6,2,,2,0,1,0,16.0
514,3,0,0,0,0,0,0,1,0,1,23.0,16.0,3.00,4.25,2,6.00,16.00,0.95,0.95,1.05,6,4,,2,0,1,0,39.0
516,3,1,0,0,0,0,0,1,0,.,2.0,12.0,2.00,4.91,2,8.00,14.00,1.01,0.95,0.89,5,3,,2,0,1,0,14.0
521,1,0,0,0,0,0,1,0,0,.,0.0,12.0,8.00,4.40,2,7.00,16.00,0.41,0.84,0.89,4,2,,2,0,1,0,12.0
522,1,0,0,0,0,0,1,0,0,.,3.0,23.0,3.00,4.25,3,7.00,16.00,1.00,0.74,0.95,3,3,,2,0,1,0,26.0
113,1,0,1,0,1,0,0,0,0,.,2.0,40.0,5.00,5.05,2,7.00,16.00,1.05,0.90,0.98,3,2,,2,1,1,1,42.0
123,1,0,1,0,1,0,0,0,0,.,5.0,25.0,4.00,5.05,3,7.50,14.00,1.05,0.94,1.00,3,2,,2,1,1,1,30.0
135,3,0,1,0,1,0,0,0,0,.,8.0,24.0,3.00,5.05,2,10.00,11.50,1.16,1.06,1.05,5,3,,2,1,1,1,32.0
138,3,1,1,0,0,1,0,0,0,.,2.0,33.0,3.00,5.05,2,10.00,11.50,1.21,1.01,0.94,6,4,,2,1,1,1,35.0
153,1,0,1,0,0,1,0,0,0,.,26.5,10.0,3.00,5.05,2,7.00,17.00,1.05,0.95,0.95,3,2,,2,1,1,1,36.5
181,2,0,1,0,0,1,0,0,0,.,1.0,15.0,2.00,5.05,1,10.50,11.00,0.95,0.90,2.49,3,2,,2,1,1,1,16.0
191,4,0,1,0,0,1,0,0,0,1,0.0,25.0,4.00,5.05,2,10.50,12.00,1.02,0.94,1.05,2,2,,2,1,1,1,25.0
231,1,0,1,0,0,1,0,0,0,.,16.0,6.0,4.00,5.05,1,7.00,16.00,0.90,0.95,0.95,3,1,,2,1,1,1,22.0
236,1,0,1,0,0,1,0,0,0,2,23.0,22.0,4.00,5.05,1,7.00,18.00,1.10,1.01,0.99,4,3,,2,1,1,1,45.0
254,4,0,1,1,0,0,0,0,1,1,28.0,10.0,3.00,5.25,1,7.00,15.00,1.00,0.85,1.05,2,2,,2,1,1,1,38.0
255,4,0,1,1,0,0,0,0,0,.,8.0,12.0,2.00,.,1,7.00,14.00,1.00,0.85,2.11,2,2,,2,1,1,1,20.0
294,1,0,1,0,0,1,0,0,0,.,0.0,35.0,3.00,5.05,2,7.00,16.00,1.05,0.94,0.94,3,2,,2,1,1,1,35.0
306,3,1,1,0,0,1,0,0,0,1,6.0,20.0,3.00,5.05,2,6.00,18.00,1.11,1.05,1.05,.,2,,2,1,1,1,26.0
311,4,0,1,0,0,1,0,0,0,.,35.0,30.0,3.00,5.05,2,10.50,11.50,1.01,0.95,1.05,2,2,,2,1,1,1,65.0
315,1,0,1,1,0,0,0,0,0,.,4.5,20.0,2.00,5.05,2,7.00,16.00,1.05,0.84,0.87,3,2,,2,1,1,1,24.5
335,1,1,1,1,0,0,0,0,0,3,7.0,13.0,3.00,5.05,1,6.00,17.00,1.05,0.94,0.94,5,2,,2,1,1,1,20.0
372,1,1,1,0,0,1,0,0,0,1,30.0,20.0,5.00,5.05,2,6.50,18.50,1.06,1.05,1.04,4,3,,2,1,1,1,50.0
6,3,1,1,0,1,0,0,0,0,1,5.0,2.0,2.00,5.05,1,10.00,8.00,1.11,1.01,2.23,4,2,,2,1,1,1,7.0
14,2,0,1,0,1,0,0,0,0,.,4.0,17.0,3.00,5.05,2,11.00,11.00,1.05,0.94,2.60,6,3,,2,1,1,1,21.0
26,1,0,1,0,0,1,0,0,0,2,10.0,20.0,4.00,5.05,2,7.00,16.00,1.01,0.94,0.94,5,4,,2,1,1,1,30.0
27,2,1,1,0,1,0,0,0,0,.,0.0,7.0,4.00,5.05,1,11.00,10.00,1.05,0.84,2.53,4,3,,2,1,1,1,7.0
30,2,0,1,0,0,1,0,0,0,.,4.0,3.0,2.00,5.05,1,11.00,10.00,0.94,0.92,2.69,2,2,,2,1,1,1,7.0
31,2,0,1,0,1,0,0,0,0,3,6.0,15.0,5.00,5.05,1,10.50,12.50,1.00,1.05,2.64,4,4,,2,1,1,1,21.0
33,3,0,1,0,0,1,0,0,0,.,6.0,11.0,5.00,5.05,2,6.00,17.00,1.11,1.06,1.05,4,2,,2,1,1,1,17.0
36,4,0,1,0,1,0,0,0,0,.,10.0,35.0,6.00,5.05,2,10.50,12.50,0.95,0.89,1.19,2,2,,2,1,1,1,45.0
77,3,0,1,0,0,1,0,0,0,4,4.0,60.0,3.00,5.05,2,6.00,19.00,1.06,1.06,1.05,6,2,,2,1,1,1,64.0
78,3,1,1,0,0,1,0,0,0,.,10.0,12.0,2.00,5.05,2,7.00,16.00,1.11,1.01,1.05,5,3,,2,1,1,1,22.0
81,4,0,1,0,0,1,0,0,0,3,0.0,45.0,4.00,5.05,2,10.50,11.50,1.11,0.98,2.07,2,1,,2,1,1,1,45.0
82,4,0,1,0,0,1,0,0,0,.,25.0,8.0,4.00,5.05,2,10.50,13.50,1.11,0.98,1.05,2,2,,2,1,1,1,33.0
83,4,0,1,0,0,1,0,0,0,2,,,4.00,5.05,2,10.00,14.00,1.11,0.89,0.99,2,2,,2,1,1,1,
85,1,0,1,0,1,0,0,0,1,.,0.0,35.0,3.00,5.05,1,9.00,12.50,1.11,1.01,1.05,5,1,,2,1,1,1,35.0
89,1,1,1,0,1,0,0,0,0,.,6.0,25.0,6.00,5.50,2,7.00,16.00,1.11,1.01,1.05,3,3,,2,1,1,1,31.0
94,2,0,1,0,1,0,0,0,0,.,2.0,20.0,4.00,5.05,1,11.00,10.00,1.05,0.79,2.53,3,.,,2,1,1,1,22.0
103,4,0,1,0,0,1,0,0,0,2,,,2.00,5.05,2,10.50,12.50,1.05,0.84,1.26,2,2,,2,1,1,1,
112,4,0,1,0,0,1,0,0,0,9,5.0,25.0,6.00,5.05,2,10.50,12.50,1.11,1.09,2.07,.,.,,2,1,1,1,30.0
128,2,1,1,0,1,0,0,0,0,1,3.0,16.0,2.00,5.05,1,11.00,11.00,1.05,0.79,2.32,3,2,,2,1,1,1,19.0
129,3,0,1,0,1,0,0,0,0,.,7.0,18.0,4.00,5.05,2,6.00,16.00,1.11,1.00,0.89,4,3,,2,1,1,1,25.0
131,3,0,1,0,1,0,0,0,0,2,8.0,22.0,3.00,5.05,2,7.00,15.00,1.05,1.11,1.05,5,4,,2,1,1,1,30.0
139,4,0,1,0,1,0,0,0,0,.,11.0,25.0,5.00,5.50,2,11.00,12.00,.,.,.,.,.,,2,1,1,1,36.0
143,4,0,1,0,1,0,0,0,0,2,,,.,.,.,.,.,.,.,.,.,.,,2,1,1,1,
144,4,0,1,0,1,0,0,0,0,1,4.0,37.0,3.00,5.05,2,10.50,12.50,0.94,0.94,1.26,2,2,,2,1,1,1,41.0
145,1,0,1,0,0,1,0,0,0,.,10.0,8.0,4.00,5.28,2,7.00,16.00,1.05,0.96,0.95,3,2,,2,1,1,1,18.0
147,1,0,1,0,0,1,0,0,0,1,6.0,0.0,3.00,5.25,2,7.00,14.00,1.13,0.91,0.91,2,2,,2,1,1,1,6.0
148,1,0,1,0,0,1,0,0,0,.,7.5,30.0,4.00,5.05,2,7.00,17.00,1.05,0.94,0.94,3,3,,2,1,1,1,37.5
151,1,0,1,0,0,1,0,0,0,2,0.0,0.0,0.00,.,.,.,.,.,.,.,.,.,,2,1,1,1,0.0
152,1,0,1,0,0,1,0,0,0,.,12.0,13.5,5.00,5.05,2,7.00,15.00,1.16,0.94,0.94,3,3,,2,1,1,1,25.5
157,2,0,1,0,0,1,0,0,0,2,12.0,8.0,2.00,5.50,1,10.50,11.00,0.95,0.83,2.47,2,2,,2,1,1,1,20.0
161,3,1,1,0,0,1,0,0,0,4,26.0,12.0,4.00,5.05,2,6.00,17.00,1.11,1.06,1.05,7,5,,2,1,1,1,38.0
163,3,1,1,0,0,1,0,0,0,.,1.5,33.0,3.00,5.05,2,7.00,15.00,.,.,.,.,.,,2,1,1,1,34.5
164,3,1,1,0,0,1,0,0,0,.,5.0,15.0,3.00,5.05,2,6.00,17.00,1.11,1.06,1.05,5,3,,2,1,1,1,20.0
165,4,0,1,0,0,1,0,0,0,1,10.0,17.0,4.00,5.05,2,10.50,12.50,1.05,0.98,1.05,2,2,,2,1,1,1,27.0
169,1,1,1,0,0,1,0,0,0,.,20.0,6.0,4.00,5.05,2,7.00,16.00,1.11,1.05,1.05,3,3,,2,1,1,1,26.0
170,1,1,1,0,0,1,0,0,0,.,20.0,20.0,4.00,5.05,1,7.00,16.00,1.29,1.11,1.18,4,4,,2,1,1,1,40.0
187,3,0,1,0,0,1,0,0,1,.,5.0,17.5,3.00,5.05,2,7.00,15.00,1.11,1.06,1.05,4,4,,2,1,1,1,22.5
190,3,1,1,0,0,1,0,0,0,.,7.0,30.0,4.00,5.05,2,7.00,15.00,1.05,1.01,1.74,5,3,,2,1,1,1,37.0
196,4,1,1,0,0,1,0,0,0,.,0.0,30.0,3.00,5.05,2,10.50,12.50,1.00,0.90,2.11,2,2,,2,1,1,1,30.0
197,1,0,1,0,0,1,0,0,0,1,5.0,21.0,5.00,5.05,3,7.00,17.00,1.05,0.95,0.95,3,1,,2,1,1,1,26.0
234,1,0,1,0,0,1,0,0,0,2,10.0,4.0,3.00,5.05,2,7.00,16.00,1.04,1.01,0.58,3,2,,2,1,1,1,14.0
240,3,1,1,0,0,1,0,0,0,1,15.0,15.0,3.00,5.05,2,6.00,17.00,1.10,1.00,1.05,6,4,,2,1,1,1,30.0
241,3,0,1,0,0,1,0,0,0,1,15.0,,4.00,5.05,2,7.00,16.00,1.15,1.05,1.05,5,5,,2,1,1,1,
242,3,1,1,0,0,1,0,0,0,.,12.0,10.0,3.00,5.05,2,7.00,16.00,1.11,1.06,1.05,6,4,,2,1,1,1,22.0
245,3,0,1,0,0,1,0,0,0,3,8.0,12.0,4.00,5.05,1,8.50,13.00,1.11,1.11,1.05,5,1,,2,1,1,1,20.0
259,1,0,1,1,0,0,0,0,0,.,15.0,15.0,4.00,5.05,2,7.50,14.50,1.05,.,0.84,3,3,,2,1,1,1,30.0
268,1,1,1,1,0,0,0,0,0,.,0.0,42.5,2.00,5.05,2,7.00,15.00,0.94,0.78,0.84,4,4,,2,1,1,1,42.5
271,2,1,1,1,0,0,0,0,0,1,0.0,15.0,3.00,5.05,2,11.00,12.00,0.90,0.73,2.28,4,3,,2,1,1,1,15.0
272,2,1,1,1,0,0,0,0,0,1,2.0,14.0,3.00,5.25,2,11.00,12.00,0.94,0.73,2.32,4,3,,2,1,1,1,16.0
274,2,1,1,1,0,0,0,0,0,.,3.0,7.0,3.00,5.05,1,11.00,11.00,.,.,2.32,.,.,,2,1,1,1,10.0
276,2,1,1,1,0,0,0,0,0,.,5.0,15.0,3.00,5.05,3,11.00,12.00,0.95,0.73,2.32,5,3,,2,1,1,1,20.0
296,1,1,1,0,0,1,0,0,0,3,4.0,9.0,6.00,5.05,2,7.00,16.00,1.05,0.94,1.00,3,2,,2,1,1,1,13.0
299,2,1,1,0,0,1,0,0,0,1,6.0,12.0,2.00,5.05,1,11.00,11.50,1.05,0.84,2.32,3,2,,2,1,1,1,18.0
301,2,1,1,0,0,1,0,0,0,1,2.0,7.0,1.00,5.05,2,11.00,10.50,0.94,0.84,2.32,3,2,,2,1,1,1,9.0
320,2,0,1,1,0,0,0,0,1,.,4.0,6.0,3.00,5.05,1,11.00,11.00,1.05,0.84,2.43,4,3,,2,1,1,1,10.0
321,2,0,1,1,0,0,0,0,1,2,4.0,11.0,2.00,5.05,1,11.00,12.00,1.05,0.84,2.43,4,3,,2,1,1,1,15.0
324,3,0,1,1,0,0,0,0,0,4,22.0,39.0,5.00,5.05,2,0.00,24.00,1.22,1.05,1.05,5,2,,2,1,1,1,61.0
326,3,1,1,1,0,0,0,0,1,1,0.0,45.0,4.00,5.05,2,0.00,24.00,1.22,.,1.05,4,2,,2,1,1,1,45.0
330,4,0,1,1,0,0,0,0,1,.,3.0,20.0,3.00,5.67,1,10.50,14.50,0.94,0.79,1.26,2,2,,2,1,1,1,23.0
334,1,0,1,1,0,0,0,0,0,.,0.0,20.0,3.00,5.05,3,9.00,12.50,0.90,0.90,0.85,3,2,,2,1,1,1,20.0
349,3,1,1,1,0,0,0,0,0,.,0.0,20.0,4.00,5.05,2,7.00,15.00,1.01,1.01,0.94,3,3,,2,1,1,1,20.0
354,4,0,1,1,0,0,0,0,0,.,9.0,7.0,3.00,5.05,1,10.50,10.50,1.00,0.85,0.94,2,2,,2,1,1,1,16.0
356,4,0,1,1,0,0,0,0,0,.,0.0,28.0,4.00,5.05,1,10.50,11.50,1.00,0.85,1.05,2,2,,2,1,1,1,28.0
357,4,0,1,0,0,1,0,0,0,.,21.0,6.0,3.00,5.25,1,10.50,12.50,1.00,0.84,2.35,2,2,,2,1,1,1,27.0
371,1,0,1,0,0,1,0,0,0,.,11.0,22.0,5.00,5.25,3,7.00,16.00,.,.,.,4,2,,2,1,1,1,33.0
373,1,1,1,0,0,1,0,0,0,.,18.0,15.0,4.00,5.05,2,6.50,15.50,1.10,0.94,1.02,6,5,,2,1,1,1,33.0
375,1,0,1,0,0,1,0,0,0,1,0.0,25.0,4.00,5.50,1,7.00,15.00,1.05,0.94,1.01,3,3,,2,1,1,1,25.0
378,1,1,1,0,0,1,0,0,0,.,20.0,15.0,4.00,5.05,2,6.00,19.00,1.05,0.99,1.03,6,4,,2,1,1,1,35.0
381,1,0,1,0,0,1,0,0,0,.,15.0,15.0,5.00,5.05,2,6.50,16.50,1.37,1.16,1.16,4,2,,2,1,1,1,30.0
403,3,1,1,0,0,1,0,0,0,3,11.0,23.0,3.00,5.05,2,7.00,16.00,1.11,1.06,1.05,4,4,,2,1,1,1,34.0
406,4,1,1,0,0,1,0,0,0,.,17.0,22.0,4.00,5.50,1,10.50,12.50,0.84,0.94,1.99,2,2,,2,1,1,1,39.0
407,4,1,1,0,0,1,0,0,0,.,8.0,7.0,3.00,5.50,2,11.00,10.50,1.05,1.16,2.32,1,1,,2,1,1,1,15.0
409,1,0,1,0,0,1,0,0,0,2,0.0,15.0,3.00,5.05,1,7.00,15.00,1.09,1.04,1.01,3,3,,2,1,1,1,15.0
1,1,0,1,0,1,0,0,0,0,.,20.0,40.0,4.00,5.05,2,7.00,16.00,1.05,0.79,0.90,4,3,,2,1,1,1,60.0
2,1,0,1,0,1,0,0,0,0,.,7.5,10.0,3.00,5.25,1,7.00,15.00,1.05,1.01,0.94,2,2,,2,1,1,1,17.5
3,2,0,1,0,1,0,0,0,0,2,4.0,7.0,3.00,5.05,1,11.00,11.00,1.05,0.94,2.75,5,3,,2,1,1,1,11.0
4,3,0,1,0,1,0,0,0,0,.,5.0,30.0,4.00,5.05,2,8.00,13.50,1.22,1.37,0.89,6,4,,2,1,1,1,35.0
5,3,0,1,0,1,0,0,0,0,2,10.0,30.0,4.00,5.15,2,6.00,17.00,1.05,0.94,0.94,5,5,,2,1,1,1,40.0
8,4,0,1,0,1,0,0,0,0,.,15.0,25.0,3.00,5.05,2,10.00,13.00,1.01,1.01,0.94,2,2,,2,1,1,1,40.0
9,1,0,1,0,1,0,0,0,0,.,0.0,32.0,4.00,5.05,2,7.00,16.00,1.11,0.92,1.01,4,3,,2,1,1,1,32.0
10,1,0,1,0,1,0,0,0,0,.,15.0,15.0,4.00,5.05,2,7.00,16.00,0.94,0.87,0.94,3,2,,2,1,1,1,30.0
11,1,0,1,0,1,0,0,0,0,1,12.0,24.0,3.00,5.05,2,7.00,16.00,1.05,0.87,0.94,3,2,,2,1,1,1,36.0
12,1,0,1,0,1,0,0,0,0,3,15.0,15.0,4.00,5.05,3,7.00,16.00,1.01,0.92,0.94,3,2,,2,1,1,1,30.0
13,2,0,1,0,1,0,0,0,0,1,2.0,11.0,3.00,5.00,1,11.00,11.00,1.01,0.94,2.75,4,3,,2,1,1,1,13.0
15,3,0,1,0,1,0,0,0,0,5,5.0,20.0,3.00,5.05,2,6.00,17.00,1.05,1.01,2.00,3,3,,2,1,1,1,25.0
16,3,0,1,0,1,0,0,0,0,.,7.0,17.0,3.00,5.05,2,6.00,17.00,1.05,1.01,0.94,5,5,,2,1,1,1,24.0
17,3,0,1,0,1,0,0,0,0,1,4.0,35.0,4.00,5.05,2,6.00,17.00,1.05,0.94,0.95,6,5,,2,1,1,1,39.0
18,3,0,1,0,1,0,0,0,0,.,8.0,38.0,5.00,5.05,2,6.00,17.00,1.05,1.00,0.63,7,7,,2,1,1,1,46.0
19,1,0,1,1,0,0,0,0,0,.,6.0,44.0,5.00,5.05,2,6.00,16.00,1.04,0.93,0.95,2,2,,2,1,1,1,50.0
21,2,0,1,1,0,0,0,0,0,1,0.0,11.0,2.00,5.05,2,11.00,10.00,0.94,0.94,2.43,3,3,,2,1,1,1,11.0
22,3,0,1,1,0,0,0,0,0,.,3.0,15.0,2.00,5.05,2,7.00,15.00,1.05,1.05,0.94,4,4,,2,1,1,1,18.0
23,1,0,1,0,0,1,0,0,0,1,14.0,14.0,3.00,5.05,1,6.50,16.50,1.05,0.94,0.94,3,2,,2,1,1,1,28.0
24,1,0,1,0,1,0,0,0,0,3,15.0,20.0,4.00,5.05,2,.,.,1.05,0.94,1.00,4,3,,2,1,1,1,35.0
28,2,0,1,0,0,1,0,0,0,3,6.0,2.0,3.00,.,1,11.00,10.00,.,1.05,2.64,3,2,,2,1,1,1,8.0
29,2,0,1,0,0,1,0,0,0,.,0.0,13.0,3.00,5.05,1,11.00,11.00,1.05,1.05,2.64,3,3,,2,1,1,1,13.0
32,3,0,1,0,0,1,0,0,0,1,2.0,25.0,3.00,5.05,2,10.50,11.50,1.22,1.11,2.28,4,4,,2,1,1,1,27.0
34,3,1,1,0,0,1,0,0,0,.,11.0,7.0,3.00,5.05,2,10.50,11.50,1.22,1.11,0.73,5,2,,2,1,1,1,18.0
35,4,0,1,0,0,1,0,0,0,6,13.0,18.0,3.00,5.05,2,10.50,11.50,1.03,.,.,2,2,,2,1,1,1,31.0
38,1,0,1,0,1,0,0,0,0,.,10.0,20.0,6.00,5.05,3,6.50,17.50,0.98,0.82,0.76,3,2,,2,1,1,1,30.0
63,1,1,1,0,0,1,0,0,0,1,15.0,10.0,4.00,5.05,2,7.00,18.00,1.11,1.01,1.09,4,3,,2,1,1,1,25.0
64,1,0,1,0,0,1,0,0,0,.,13.0,13.0,3.00,5.05,2,7.00,16.00,1.05,0.95,0.95,3,3,,2,1,1,1,26.0
65,1,0,1,0,0,1,0,0,0,3,,,3.00,5.05,.,.,.,.,.,.,.,.,,2,1,1,1,
66,1,0,1,0,0,1,0,0,0,.,26.0,10.0,4.00,5.05,1,7.00,17.00,1.05,0.95,0.95,3,3,,2,1,1,1,36.0
67,1,0,1,0,0,1,0,0,0,.,4.0,17.5,5.00,5.05,1,8.00,13.50,1.32,1.05,1.22,3,3,,2,1,1,1,21.5
68,1,0,1,0,0,1,0,0,0,.,13.0,17.0,3.00,5.05,3,7.00,17.00,1.05,0.95,0.95,3,1,,2,1,1,1,30.0
69,1,0,1,0,0,1,0,0,0,.,0.0,27.0,3.00,5.05,2,7.00,18.00,1.26,1.01,1.00,4,2,,2,1,1,1,27.0
70,1,0,1,0,0,1,0,0,0,.,10.0,30.0,5.00,5.05,1,7.00,16.00,1.05,0.95,1.01,3,3,,2,1,1,1,40.0
71,1,0,1,0,0,1,0,0,0,.,29.0,14.0,3.00,5.05,3,7.00,17.00,1.05,0.95,0.95,3,2,,2,1,1,1,43.0
73,2,0,1,0,0,1,0,0,0,2,14.0,0.0,3.00,5.05,2,11.00,11.00,1.05,1.05,2.43,3,.,,2,1,1,1,14.0
75,2,0,1,0,0,1,0,0,0,.,4.0,11.0,3.00,5.05,2,11.00,11.00,1.16,1.16,2.75,3,3,,2,1,1,1,15.0
76,3,1,1,0,0,1,0,0,0,.,25.0,15.0,6.00,5.05,2,6.50,16.50,1.11,1.06,1.05,6,3,,2,1,1,1,40.0
79,3,1,1,0,0,1,0,0,0,.,8.0,18.0,3.00,5.05,2,7.00,16.00,1.11,1.06,1.05,5,4,,2,1,1,1,26.0
80,4,0,1,0,0,1,0,0,0,2,11.0,14.0,3.00,5.05,2,10.50,12.50,1.12,0.98,0.99,2,1,,2,1,1,1,25.0
84,1,0,1,0,1,0,0,0,0,.,12.0,30.0,5.00,5.05,2,7.00,16.00,1.05,0.90,0.94,3,3,,2,1,1,1,42.0
86,1,0,1,0,1,0,0,0,0,.,9.0,12.0,4.00,5.05,3,7.00,15.00,1.05,1.05,1.04,3,3,,2,1,1,1,21.0
87,1,0,1,0,1,0,0,0,1,.,0.0,30.0,5.00,5.05,3,7.00,15.00,1.00,0.99,1.04,3,3,,2,1,1,1,30.0
88,1,0,1,1,0,0,0,0,0,2,4.0,37.0,4.00,5.05,2,7.00,15.00,1.05,0.87,0.94,5,2,,2,1,1,1,41.0
91,1,1,1,0,1,0,0,0,1,1,0.0,30.0,4.00,5.05,1,7.00,17.00,1.11,1.05,1.05,3,3,,2,1,1,1,30.0
92,1,1,1,0,1,0,0,0,1,.,14.0,6.0,3.00,5.05,2,7.00,15.00,1.11,1.01,1.05,3,3,,2,1,1,1,20.0
93,1,1,1,0,0,1,0,0,0,.,5.0,25.0,5.00,5.05,2,7.00,16.00,1.11,1.05,1.05,4,3,,2,1,1,1,30.0
95,2,0,1,0,1,0,0,0,0,.,0.0,14.0,3.00,5.05,1,11.00,10.00,1.05,0.75,2.53,3,3,,2,1,1,1,14.0
96,2,0,1,0,0,1,0,0,0,3,0.0,15.0,5.00,5.05,2,11.50,10.50,1.05,0.94,2.59,4,0,,2,1,1,1,15.0
97,2,0,1,0,1,0,0,0,0,.,2.5,11.0,3.00,5.05,2,11.00,10.00,1.05,0.80,2.54,3,2,,2,1,1,1,13.5
98,2,0,1,0,1,0,0,0,1,.,3.0,13.0,3.00,5.05,1,11.00,10.00,1.05,0.90,2.53,3,3,,2,1,1,1,16.0
99,3,1,1,0,1,0,0,0,1,6,30.0,50.0,4.00,5.05,2,0.00,24.00,1.22,1.17,2.32,5,2,,2,1,1,1,80.0
101,3,0,1,0,1,0,0,0,1,.,10.0,12.0,3.00,5.05,2,7.00,15.00,1.15,1.10,1.05,8,3,,2,1,1,1,22.0
102,3,0,1,1,0,0,0,0,0,.,0.0,27.0,2.00,5.05,2,7.00,15.00,1.07,1.01,1.05,5,5,,2,1,1,1,27.0
104,4,0,1,0,1,0,0,0,1,1,11.0,10.0,3.00,5.05,2,10.50,12.50,1.00,0.84,0.94,2,2,,2,1,1,1,21.0
105,1,0,1,0,0,1,0,0,0,.,0.0,45.0,4.00,5.05,2,6.50,16.50,1.05,0.99,1.16,4,3,,2,1,1,1,45.0
106,1,0,1,0,0,1,0,0,0,.,2.0,25.0,3.00,5.05,0,7.00,16.00,1.05,0.95,0.95,2,2,,2,1,1,1,27.0
107,1,1,1,0,0,1,0,0,0,9,13.5,10.0,2.00,5.05,1,8.00,14.00,.,1.01,1.00,4,2,,2,1,1,1,23.5
108,1,0,1,0,0,1,0,0,0,.,11.0,24.0,5.00,5.05,1,7.00,17.00,1.37,1.02,1.05,3,3,,2,1,1,1,35.0
111,3,0,1,0,0,1,0,0,0,1,20.0,14.5,3.00,5.05,2,7.00,16.00,1.16,1.16,1.00,5,4,,2,1,1,1,34.5
114,1,0,1,0,1,0,0,0,0,1,20.0,40.0,4.00,5.25,2,6.50,16.50,1.11,0.94,0.94,3,3,,2,1,1,1,60.0
115,1,0,1,0,1,0,0,0,0,.,6.0,15.0,4.00,5.05,1,7.00,17.00,1.05,0.95,1.01,4,4,,2,1,1,1,21.0
116,1,0,1,0,1,0,0,0,0,.,22.0,12.0,3.00,5.05,2,8.50,13.00,1.39,0.95,1.21,8,2,,2,1,1,1,34.0
118,1,0,1,0,0,1,0,0,0,.,18.0,20.0,3.00,5.05,2,7.00,15.00,1.05,0.94,1.00,4,2,,2,1,1,1,38.0
119,1,0,1,0,0,1,0,0,0,1,18.0,13.0,4.00,5.05,3,6.50,17.50,1.05,0.89,0.95,3,3,,2,1,1,1,31.0
120,1,1,1,0,1,0,0,0,0,3,0.0,30.0,4.00,5.05,2,7.00,16.00,1.05,1.05,1.05,3,2,,2,1,1,1,30.0
122,1,0,1,0,0,1,0,0,0,.,10.0,50.0,6.00,5.05,1,9.00,12.50,1.15,0.94,1.15,6,4,,2,1,1,1,60.0
124,1,0,1,0,1,0,0,0,0,.,21.0,6.0,4.00,5.05,3,7.00,15.00,1.16,0.94,1.12,2,2,,2,1,1,1,27.0
125,2,0,1,0,1,0,0,0,0,.,0.0,15.0,2.00,5.05,1,10.00,12.00,1.01,1.01,2.49,4,3,,2,1,1,1,15.0
130,3,1,1,0,1,0,0,0,0,6,2.0,38.0,4.00,5.05,2,7.00,16.00,1.11,1.06,1.05,5,3,,2,1,1,1,40.0
132,3,1,1,0,1,0,0,0,0,.,15.0,20.0,3.00,5.50,2,7.00,14.00,.,.,.,2,2,,2,1,1,1,35.0
133,3,1,1,0,1,0,0,0,0,.,3.0,20.0,3.00,5.05,2,7.00,15.00,1.11,1.06,2.11,5,3,,2,1,1,1,23.0
134,3,0,1,0,1,0,0,0,0,.,6.0,27.5,3.00,5.05,2,6.00,16.00,1.11,1.06,0.94,4,3,,2,1,1,1,33.5
136,3,1,1,0,1,0,0,0,0,3,,,.,.,.,7.00,16.00,.,.,.,.,.,,2,1,1,1,
137,3,1,1,0,0,1,0,0,0,1,12.0,30.0,5.00,5.05,2,7.00,15.00,1.11,1.11,1.05,5,3,,2,1,1,1,42.0
140,4,0,1,0,1,0,0,0,0,.,5.0,35.0,5.00,5.67,2,10.50,11.50,1.00,0.94,1.05,2,2,,2,1,1,1,40.0
141,4,0,1,0,1,0,0,0,0,2,10.0,25.0,3.00,5.05,2,10.50,12.50,1.05,0.84,1.34,2,2,,2,1,1,1,35.0
142,4,0,1,0,0,1,0,0,0,.,40.0,31.0,5.00,5.05,2,10.00,11.50,1.01,0.89,1.26,2,2,,2,1,1,1,71.0
146,1,0,1,0,0,1,0,0,0,.,0.0,32.0,4.50,5.05,2,7.00,16.00,1.05,0.99,1.05,4,3,,2,1,1,1,32.0
149,1,0,1,0,0,1,0,0,0,.,8.0,10.0,3.00,5.05,2,7.00,16.00,1.05,0.94,0.94,2,2,,2,1,1,1,18.0
150,1,0,1,0,0,1,0,0,0,8,12.0,20.0,3.00,5.75,2,7.00,15.00,1.11,0.88,0.88,3,2,,2,1,1,1,32.0
156,1,0,1,0,0,1,0,0,0,.,2.0,18.0,2.00,5.05,2,7.00,15.00,0.95,0.94,1.01,3,.,,2,1,1,1,20.0
158,2,0,1,0,0,1,0,0,0,.,3.0,4.0,4.00,5.05,1,11.00,11.50,0.95,0.94,2.49,3,2,,2,1,1,1,7.0
159,2,0,1,0,0,1,0,0,0,.,10.0,5.0,4.00,5.25,1,10.50,11.50,0.95,0.84,2.49,4,3,,2,1,1,1,15.0
162,3,1,1,0,0,1,0,0,0,.,3.0,30.0,3.00,5.05,2,7.00,15.50,1.11,1.01,1.05,6,5,,2,1,1,1,33.0
166,4,0,1,0,0,1,0,0,0,1,0.0,35.0,4.00,5.05,2,10.50,12.50,1.11,0.84,1.26,2,2,,2,1,1,1,35.0
168,1,0,1,0,0,1,0,0,0,.,0.0,32.0,4.00,5.25,1,6.00,16.00,1.11,0.95,1.14,3,1,,2,1,1,1,32.0
171,1,1,1,0,0,1,0,0,1,.,10.0,12.5,5.00,5.05,2,7.00,16.00,1.18,1.04,1.03,3,3,,2,1,1,1,22.5
172,1,0,1,0,0,1,0,0,0,2,7.0,23.0,3.00,5.05,1,9.00,13.00,1.11,1.01,1.05,6,3,,2,1,1,1,30.0
173,1,0,1,0,0,1,0,0,0,1,11.0,30.0,5.00,5.05,2,6.00,18.00,1.05,0.94,1.04,4,3,,2,1,1,1,41.0
174,1,0,1,0,0,1,0,0,1,.,20.0,20.0,3.00,5.05,2,7.00,16.00,1.05,0.90,0.98,3,3,,2,1,1,1,40.0
176,1,0,1,0,0,1,0,0,0,1,20.0,27.5,4.00,5.05,2,7.00,16.00,1.04,1.06,.,.,.,,2,1,1,1,47.5
178,2,1,1,0,0,1,0,0,1,.,1.0,10.0,3.00,5.05,1,11.00,10.50,1.01,0.94,2.64,3,2,,2,1,1,1,11.0
179,2,0,1,0,0,1,0,0,0,3,2.0,10.0,4.00,5.05,1,10.50,11.00,0.94,0.84,2.49,3,3,,2,1,1,1,12.0
180,2,0,1,0,0,1,0,0,1,.,0.0,17.5,4.00,5.05,2,11.00,12.00,1.05,1.05,2.85,4,4,,2,1,1,1,17.5
182,2,0,1,1,0,0,0,0,1,.,0.0,15.0,3.00,5.05,2,11.50,10.00,1.05,1.00,2.73,4,3,,2,1,1,1,15.0
183,2,0,1,0,0,1,0,0,0,4,15.0,10.0,2.00,5.05,2,11.00,10.50,1.05,1.00,2.75,4,3,,2,1,1,1,25.0
185,2,0,1,0,1,0,0,0,1,.,2.0,6.0,3.00,5.05,1,11.00,10.50,1.05,1.00,2.75,3,3,,2,1,1,1,8.0
186,3,0,1,0,0,1,0,0,0,3,12.0,18.0,4.00,5.05,2,6.00,16.00,1.17,1.06,0.95,5,3,,2,1,1,1,30.0
189,3,0,1,0,0,1,0,0,0,.,0.0,19.0,3.00,5.05,2,7.00,15.00,1.11,1.06,1.05,5,3,,2,1,1,1,19.0
192,4,0,1,0,0,1,0,0,0,.,4.5,30.0,3.00,5.25,2,10.50,12.50,1.05,0.84,1.26,2,2,,2,1,1,1,34.5
193,4,0,1,0,0,1,0,0,1,2,4.0,9.0,3.00,5.05,2,9.00,13.00,1.01,0.90,1.26,2,1,,2,1,1,1,13.0
195,4,0,1,0,0,1,0,0,1,2,8.0,25.0,3.00,5.05,2,10.50,12.50,0.94,0.84,2.11,2,2,,2,1,1,1,33.0
198,1,0,1,0,0,1,0,0,0,8,10.0,32.0,4.00,5.05,2,7.00,16.00,1.05,0.94,0.94,3,3,,2,1,1,1,42.0
199,2,0,1,0,0,1,0,0,0,.,11.0,3.0,4.00,5.05,1,11.00,10.50,0.91,0.90,2.45,4,3,,2,1,1,1,14.0
200,1,0,1,0,0,1,0,0,0,.,5.0,40.0,4.00,5.05,2,6.50,17.50,1.05,0.94,0.98,5,4,,2,1,1,1,45.0
201,1,0,1,0,0,1,0,0,0,.,16.0,22.0,3.00,5.05,1,7.00,17.00,1.05,0.95,0.95,3,3,,2,1,1,1,38.0
202,1,0,1,0,0,1,0,0,0,.,13.0,11.0,4.00,5.05,3,6.00,19.00,1.15,0.95,0.64,3,3,,2,1,1,1,24.0
203,1,0,1,0,0,1,0,0,0,.,4.0,34.0,3.00,5.05,0,7.00,17.00,1.05,0.95,0.95,3,2,,2,1,1,1,38.0
204,1,0,1,0,0,1,0,0,0,.,12.0,13.5,3.00,5.05,2,6.50,17.50,1.05,0.99,1.05,3,2,,2,1,1,1,25.5
207,2,1,1,0,0,1,0,0,0,.,8.5,6.0,2.00,5.20,1,11.00,12.00,1.05,0.84,2.32,5,3,,2,1,1,1,14.5
208,3,1,1,0,0,1,0,0,0,2,5.0,32.0,3.00,5.05,2,8.00,14.00,1.06,1.06,1.05,5,5,,2,1,1,1,37.0
209,3,1,1,0,0,1,0,0,0,.,6.0,37.0,4.00,5.05,2,7.00,16.00,1.11,1.06,1.05,5,5,,2,1,1,1,43.0
210,4,1,1,0,0,1,0,0,0,.,0.0,14.0,3.00,5.05,2,10.00,11.00,.,.,.,4,.,,2,1,1,1,14.0
211,1,0,1,1,0,0,0,0,0,.,2.0,35.0,4.00,5.05,2,7.00,15.00,.,0.90,.,3,2,,2,1,1,1,37.0
212,1,0,1,1,0,0,0,0,0,.,20.0,15.0,3.00,5.05,2,7.00,16.00,1.05,0.94,0.89,2,2,,2,1,1,1,35.0
213,1,1,1,1,0,0,0,0,0,2,12.0,17.5,4.00,5.05,2,6.50,17.50,1.05,0.94,0.94,4,3,,2,1,1,1,29.5
214,1,0,1,1,0,0,0,0,0,1,0.0,35.0,5.00,5.05,2,6.75,16.25,1.04,0.93,0.96,3,2,,2,1,1,1,35.0
215,1,0,1,1,0,0,0,0,0,.,20.0,10.0,3.00,5.05,3,7.00,16.00,0.93,0.84,0.93,3,3,,2,1,1,1,30.0
216,2,0,1,1,0,0,0,0,0,.,2.0,18.0,3.00,5.05,2,11.00,10.50,1.05,0.94,2.75,5,3,,2,1,1,1,20.0
217,2,1,1,1,0,0,0,0,0,.,0.0,12.0,3.00,5.05,1,10.50,10.50,0.94,0.73,2.32,4,4,,2,1,1,1,12.0
218,2,1,1,1,0,0,0,0,0,.,5.0,3.0,3.00,5.05,1,11.00,11.00,0.95,0.73,2.19,3,3,,2,1,1,1,8.0
219,2,1,1,1,0,0,0,0,0,.,9.0,9.0,2.00,5.05,1,10.50,10.50,0.94,0.73,2.53,.,.,,2,1,1,1,18.0
220,2,0,1,1,0,0,0,0,0,1,3.0,12.0,3.00,5.05,1,11.00,10.00,1.09,0.90,2.75,4,3,,2,1,1,1,15.0
221,2,0,1,1,0,0,0,0,0,.,1.0,15.0,3.00,5.05,1,11.00,11.00,1.05,0.94,2.53,4,3,,2,1,1,1,16.0
222,3,1,1,1,0,0,0,0,0,.,2.0,15.0,3.00,5.05,2,10.00,11.50,1.01,1.01,0.89,3,1,,2,1,1,1,17.0
223,3,1,1,1,0,0,0,0,0,2,3.0,20.0,3.00,5.05,2,7.00,15.00,1.01,1.01,0.94,3,2,,2,1,1,1,23.0
225,3,1,1,1,0,0,0,0,0,.,12.0,25.0,4.00,5.05,2,6.00,17.00,1.01,1.01,0.94,5,3,,2,1,1,1,37.0
226,4,0,1,1,0,0,0,0,0,1,0.0,26.0,2.00,5.30,1,10.50,10.50,1.00,0.85,0.94,2,2,,2,1,1,1,26.0
228,4,0,1,1,0,0,0,0,0,.,11.0,19.0,3.00,5.05,1,10.50,12.50,1.00,0.84,0.89,2,.,,2,1,1,1,30.0
229,1,0,1,0,0,1,0,0,0,.,22.0,11.0,3.00,5.50,2,8.50,13.50,1.01,0.94,0.94,4,3,,2,1,1,1,33.0
230,1,0,1,0,0,1,0,0,0,.,15.0,17.0,3.00,5.05,1,7.00,17.00,1.05,0.94,0.94,3,2,,2,1,1,1,32.0
232,1,0,1,0,0,1,0,0,0,3,18.0,10.0,4.00,5.05,2,7.00,15.00,1.05,0.95,0.95,3,2,,2,1,1,1,28.0
233,1,0,1,0,0,1,0,0,0,.,15.0,7.0,3.00,5.05,2,7.00,16.00,1.05,0.94,0.94,2,2,,2,1,1,1,22.0
235,1,0,1,0,0,1,0,0,0,4,,28.0,3.00,5.05,2,8.00,15.00,1.11,1.11,1.03,4,2,,2,1,1,1,
237,1,0,1,0,0,1,0,0,0,.,9.0,17.0,4.00,5.05,2,7.00,15.50,0.94,0.94,1.00,2,2,,2,1,1,1,26.0
238,2,1,1,0,0,1,0,0,0,.,25.0,15.0,5.00,5.05,1,11.00,12.00,1.05,1.05,2.32,5,3,,2,1,1,1,40.0
239,2,0,1,0,0,1,0,0,0,.,0.0,19.0,2.00,5.05,1,10.50,12.50,1.05,0.84,2.32,5,3,,2,1,1,1,19.0
243,3,1,1,0,0,1,0,0,0,.,7.0,22.0,3.00,5.05,2,7.00,15.50,1.11,1.06,1.05,6,2,,2,1,1,1,29.0
244,3,1,1,0,0,1,0,0,0,.,16.0,12.0,6.00,5.05,2,7.00,17.00,1.11,1.12,1.05,5,3,,2,1,1,1,28.0
247,4,0,1,0,0,1,0,0,0,7,0.0,40.0,4.00,5.05,2,10.50,15.50,1.11,1.09,2.07,2,2,,2,1,1,1,40.0
248,4,0,1,0,0,1,0,0,0,.,10.0,14.0,6.00,5.05,2,10.00,16.00,1.37,0.95,2.03,2,1,,2,1,1,1,24.0
249,1,0,1,1,0,0,0,0,1,.,10.0,12.0,3.00,5.05,1,7.00,15.00,1.01,1.01,0.94,3,2,,2,1,1,1,22.0
250,2,1,1,1,0,0,0,0,1,.,2.0,4.0,3.00,5.05,1,11.00,10.00,0.94,0.84,2.52,5,3,,2,1,1,1,6.0
253,3,1,1,1,0,0,0,0,0,.,4.0,8.0,6.00,5.05,2,7.00,16.00,1.23,1.11,2.28,3,2,,2,1,1,1,12.0
257,1,0,1,1,0,0,0,0,1,2,,,.,.,.,.,.,.,.,.,.,.,,2,1,1,1,
258,1,0,1,1,0,0,0,0,0,.,20.0,18.0,3.00,5.05,2,6.00,18.00,1.08,0.94,0.84,3,3,,2,1,1,1,38.0
260,1,1,1,1,0,0,0,0,0,.,4.0,26.0,5.00,5.05,2,7.00,16.00,1.09,0.94,0.93,3,3,,2,1,1,1,30.0
262,1,0,1,1,0,0,0,0,0,.,0.0,22.5,3.00,5.05,2,6.50,17.50,1.08,1.02,0.87,3,3,,2,1,1,1,22.5
264,1,0,1,1,0,0,0,0,0,2,0.0,23.0,5.00,5.05,2,7.00,16.00,1.05,1.11,0.94,3,3,,2,1,1,1,23.0
265,1,0,1,1,0,0,0,0,0,1,0.0,0.0,0.00,.,.,.,.,.,.,.,.,.,,2,1,1,1,0.0
267,1,0,1,1,0,0,0,0,0,.,30.0,25.0,5.00,5.05,3,7.00,16.00,1.05,0.88,0.91,3,2,,2,1,1,1,55.0
269,2,1,1,1,0,0,0,0,0,3,10.0,3.0,4.00,5.05,2,11.00,11.00,0.94,0.73,2.32,4,3,,2,1,1,1,13.0
273,2,1,1,1,0,0,0,0,0,2,2.0,11.0,3.00,5.05,1,11.00,10.00,0.95,0.74,2.32,4,3,,2,1,1,1,13.0
275,2,1,1,1,0,0,0,0,0,2,1.0,8.0,2.00,5.05,1,11.00,10.50,0.94,0.73,2.32,4,2,,2,1,1,1,9.0
277,2,1,1,1,0,0,0,0,0,1,1.0,14.0,3.00,5.05,1,11.00,10.00,0.94,0.73,2.32,3,3,,2,1,1,1,15.0
278,2,1,1,1,0,0,0,0,0,.,0.0,9.0,4.00,5.05,1,11.00,11.00,0.95,0.73,2.32,5,3,,2,1,1,1,9.0
282,3,1,1,1,0,0,0,0,0,1,0.0,0.0,0.00,.,.,.,.,.,.,.,.,.,,2,1,1,1,0.0
284,3,1,1,1,0,0,0,0,0,1,6.0,12.0,3.00,5.05,2,6.00,16.00,1.01,1.01,0.94,4,3,,2,1,1,1,18.0
285,3,1,1,1,0,0,0,0,0,.,3.0,15.0,3.00,5.05,2,6.00,16.00,1.01,1.01,1.01,4,2,,2,1,1,1,18.0
286,3,1,1,1,0,0,0,0,0,1,2.0,15.0,3.00,5.05,2,10.00,11.50,1.02,1.01,0.94,2,1,,2,1,1,1,17.0
287,3,1,1,1,0,0,0,0,0,.,2.0,15.0,3.00,5.05,2,6.00,16.00,1.01,1.01,0.94,5,3,,2,1,1,1,17.0
288,3,1,1,1,0,0,0,0,0,.,5.0,9.0,3.00,5.05,2,6.00,16.00,1.01,1.01,0.89,5,2,,2,1,1,1,14.0
289,3,1,1,1,0,0,0,0,0,.,3.0,10.0,2.00,5.05,2,7.00,15.00,1.01,1.01,2.00,6,3,,2,1,1,1,13.0
290,4,0,1,1,0,0,0,0,0,1,0.0,23.0,2.00,5.05,1,10.50,11.50,1.00,0.85,0.94,2,2,,2,1,1,1,23.0
291,4,0,1,1,0,0,0,0,0,.,5.0,16.0,3.00,5.10,2,10.50,11.50,1.00,0.85,0.94,2,2,,2,1,1,1,21.0
292,4,0,1,1,0,0,0,0,1,.,15.0,11.0,3.00,5.05,1,7.00,16.00,1.00,0.84,2.69,2,2,,2,1,1,1,26.0
295,1,0,1,0,0,1,0,0,0,1,,21.0,4.00,5.05,2,6.00,18.00,1.05,0.94,0.94,3,3,,2,1,1,1,
297,1,1,1,0,0,1,0,0,0,2,15.0,30.0,4.00,5.05,2,7.00,16.00,1.05,0.94,0.98,3,2,,2,1,1,1,45.0
303,3,1,1,0,0,1,0,0,0,.,12.0,35.0,3.00,5.05,2,7.00,16.00,1.05,1.05,1.05,5,3,,2,1,1,1,47.0
304,3,0,1,0,0,1,0,0,0,.,10.0,15.0,4.00,5.05,1,0.00,24.00,1.40,1.29,1.05,5,5,,2,1,1,1,25.0
305,3,1,1,0,0,1,0,0,0,1,5.0,22.0,4.00,5.05,1,6.00,18.00,1.37,1.31,1.05,5,4,,2,1,1,1,27.0
307,3,1,1,0,0,1,0,0,0,1,25.0,25.0,6.00,5.20,2,0.00,24.00,1.26,.,1.05,5,5,,2,1,1,1,50.0
310,4,0,1,0,0,1,0,0,0,.,3.0,23.0,3.00,5.05,2,10.50,11.50,0.97,0.90,2.06,2,2,,2,1,1,1,26.0
312,1,0,1,1,0,0,0,0,1,.,3.0,2.0,3.00,5.05,1,9.00,10.00,1.26,1.05,1.02,3,1,,2,1,1,1,5.0
313,1,0,1,1,0,0,0,0,1,.,0.0,30.0,.,5.05,1,7.00,15.00,1.00,1.01,0.89,3,3,,2,1,1,1,30.0
314,1,0,1,1,0,0,0,0,1,.,15.0,6.0,4.00,5.25,1,6.00,16.00,1.05,0.74,0.94,3,3,,2,1,1,1,21.0
316,1,1,1,1,0,0,0,0,1,.,12.0,14.0,3.00,5.05,2,7.00,16.00,1.05,0.94,0.94,.,.,,2,1,1,1,26.0
317,1,0,1,1,0,0,0,0,1,1,4.0,0.0,3.00,5.05,1,8.00,10.50,1.26,1.05,1.05,2,1,,2,1,1,1,4.0
318,2,0,1,1,0,0,0,0,1,.,7.0,6.0,4.00,5.05,1,10.50,11.50,1.11,0.95,2.59,3,3,,2,1,1,1,13.0
319,2,0,1,1,0,0,0,0,1,.,22.0,4.0,3.00,5.05,1,10.50,11.50,0.95,0.90,2.43,4,3,,2,1,1,1,26.0
322,3,1,1,1,0,0,0,0,1,1,12.0,5.0,4.00,5.05,2,7.00,15.00,0.96,1.01,0.94,6,3,,2,1,1,1,17.0
325,3,1,1,1,0,0,0,0,1,.,1.0,15.0,3.00,5.05,2,7.00,15.00,1.02,1.01,1.01,6,3,,2,1,1,1,16.0
333,1,0,1,0,1,0,0,0,0,.,3.0,20.0,3.00,5.05,2,7.00,15.00,1.04,0.87,0.87,3,3,,2,1,1,1,23.0
336,1,0,1,1,0,0,0,0,0,.,10.0,20.0,5.00,5.05,2,6.00,16.00,0.95,1.05,0.94,3,3,,2,1,1,1,30.0
337,1,1,1,1,0,0,0,0,0,.,25.0,5.0,3.00,5.05,2,7.00,17.00,.,.,.,.,.,,2,1,1,1,30.0
339,1,1,1,1,0,0,0,0,0,.,5.0,9.0,2.00,5.05,1,7.00,16.00,0.95,0.95,0.95,3,3,,2,1,1,1,14.0
340,1,0,1,1,0,0,0,0,0,.,15.0,17.0,2.00,5.05,2,6.00,16.00,1.05,0.84,0.84,5,4,,2,1,1,1,32.0
341,2,1,1,1,0,0,0,0,0,.,3.0,7.0,3.00,5.05,1,11.00,11.00,0.90,0.84,2.32,4,2,,2,1,1,1,10.0
343,2,1,1,1,0,0,0,0,0,4,4.0,11.0,2.00,5.05,2,11.00,12.00,0.95,0.85,2.32,4,3,,2,1,1,1,15.0
346,2,1,1,1,0,0,0,0,0,.,3.0,12.0,3.00,.,1,11.00,11.00,0.85,.,.,.,.,,2,1,1,1,15.0
348,3,1,1,0,1,0,0,0,0,1,0.0,0.0,0.00,.,.,.,.,.,.,.,.,.,,2,1,1,1,0.0
350,3,1,1,1,0,0,0,0,0,1,5.0,20.0,2.00,5.05,2,6.00,17.00,1.01,1.01,0.89,5,4,,2,1,1,1,25.0
351,3,1,1,1,0,0,0,0,0,2,10.0,20.0,4.00,5.05,2,6.00,16.00,1.01,1.01,0.73,4,2,,2,1,1,1,30.0
352,3,1,1,0,0,1,0,0,0,9,,,.,.,.,.,.,0.95,0.95,0.89,.,.,,2,1,1,1,
353,3,1,1,1,0,0,0,0,0,4,,31.0,4.00,5.05,2,6.00,16.00,1.01,1.01,0.89,3,3,,2,1,1,1,
355,4,0,1,0,1,0,0,0,0,.,3.0,17.0,2.00,.,1,10.50,11.50,1.00,0.85,0.89,2,2,,2,1,1,1,20.0
359,1,1,1,1,0,0,0,0,0,.,0.0,26.0,4.00,5.05,2,7.00,16.00,1.05,0.87,0.82,3,2,,2,1,1,1,26.0
360,1,0,1,1,0,0,0,0,0,.,5.0,32.0,7.00,5.05,2,7.00,16.00,1.05,0.87,0.82,3,3,,2,1,1,1,37.0
361,1,0,1,1,0,0,0,0,0,.,4.0,23.0,6.00,5.05,2,7.00,16.00,0.90,0.93,0.92,3,2,,2,1,1,1,27.0
362,2,0,1,1,0,0,0,0,0,.,24.0,4.0,4.00,5.05,1,10.50,12.50,1.05,0.84,2.43,5,3,,2,1,1,1,28.0
363,2,0,1,1,0,0,0,0,0,.,14.0,7.0,2.00,5.20,2,10.50,12.50,1.01,0.80,2.43,4,4,,2,1,1,1,21.0
364,2,0,1,1,0,0,0,0,0,.,1.0,30.0,4.00,5.05,1,10.50,12.50,1.05,0.84,2.43,5,3,,2,1,1,1,31.0
366,3,0,1,1,0,0,0,0,0,1,1.0,19.0,4.00,5.05,2,10.50,11.50,1.01,0.90,0.63,4,3,,2,1,1,1,20.0
368,4,0,1,1,0,0,0,0,0,.,0.0,25.0,2.00,5.05,1,10.50,11.50,1.00,0.85,0.95,2,2,,2,1,1,1,25.0
369,1,1,1,0,0,1,0,0,0,.,0.0,0.0,0.00,.,.,.,.,.,.,.,.,.,,2,1,1,1,0.0
370,1,0,1,0,0,1,0,0,0,.,26.0,5.0,3.00,5.05,3,7.00,16.00,.,.,.,3,2,,2,1,1,1,31.0
376,1,0,1,0,0,1,0,0,0,2,0.0,17.0,3.00,5.05,2,8.00,14.00,1.26,1.01,1.00,3,3,,2,1,1,1,17.0
377,1,0,1,0,0,1,0,0,0,.,11.0,12.0,3.00,5.05,2,8.00,14.00,1.05,0.95,0.94,3,1,,2,1,1,1,23.0
379,1,0,1,0,0,1,0,0,0,1,28.0,6.0,3.00,5.05,1,7.00,16.00,1.06,1.06,1.06,3,2,,2,1,1,1,34.0
380,1,0,1,0,0,1,0,0,0,.,15.0,14.0,3.00,5.05,1,7.00,16.00,1.05,0.94,0.94,3,2,,2,1,1,1,29.0
383,1,0,1,0,0,1,0,0,0,2,7.0,2.0,2.00,5.05,1,7.00,16.00,1.16,1.01,1.05,2,2,,2,1,1,1,9.0
384,1,0,1,0,0,1,0,0,0,.,0.0,30.0,3.00,5.05,3,7.00,16.00,1.05,1.05,0.89,3,2,,2,1,1,1,30.0
385,1,0,1,0,0,1,0,0,0,4,15.0,14.0,3.00,5.05,2,7.00,17.00,1.16,1.22,0.41,3,3,,2,1,1,1,29.0
386,1,0,1,0,0,1,0,0,0,.,14.0,10.0,4.00,5.05,1,7.00,17.00,1.05,0.95,0.95,4,2,,2,1,1,1,24.0
391,2,0,1,0,0,1,0,0,0,2,12.0,7.0,2.00,5.05,2,11.00,10.00,1.05,1.05,2.64,4,3,,2,1,1,1,19.0
393,2,1,1,0,0,1,0,0,0,3,18.0,4.0,3.00,5.25,1,11.00,11.00,1.16,1.26,2.75,3,2,,2,1,1,1,22.0
396,3,1,1,0,0,1,0,0,0,.,8.0,30.0,3.00,5.40,2,7.00,16.00,1.11,1.05,1.05,5,3,,2,1,1,1,38.0
397,3,1,1,0,0,1,0,0,0,9,6.0,15.0,3.00,5.05,2,6.00,17.00,1.17,1.06,2.11,4,3,,2,1,1,1,21.0
398,3,1,1,0,0,1,0,0,0,2,25.0,15.0,3.00,5.05,2,6.00,17.00,1.11,1.06,1.05,5,3,,2,1,1,1,40.0
399,3,1,1,0,0,1,0,0,0,.,18.0,18.0,4.00,5.05,2,7.00,16.00,1.26,1.08,1.05,7,4,,2,1,1,1,36.0
400,3,1,1,0,0,1,0,0,0,.,8.0,24.0,3.00,5.05,2,7.00,16.00,1.17,1.01,1.05,5,3,,2,1,1,1,32.0
401,3,0,1,0,0,1,0,0,0,2,5.0,27.0,4.00,5.05,2,6.00,16.00,1.12,1.05,1.05,6,4,,2,1,1,1,32.0
402,3,1,1,0,0,1,0,0,0,.,17.0,5.0,2.00,5.05,2,7.00,15.00,1.11,1.05,1.05,4,1,,2,1,1,1,22.0
405,3,1,1,0,0,1,0,0,0,.,1.5,15.0,3.00,5.05,2,7.00,16.00,1.12,1.01,1.05,6,3,,2,1,1,1,16.5
410,1,0,1,0,0,1,0,0,0,.,0.0,35.0,3.00,5.05,2,7.00,16.00,1.19,0.98,1.01,4,3,,2,1,1,1,35.0
411,1,0,1,0,0,1,0,0,0,.,4.0,36.0,3.00,5.05,2,7.00,16.00,1.15,1.01,1.01,5,4,,2,1,1,1,40.0
412,2,0,1,0,1,0,0,0,0,.,0.0,13.0,2.00,5.05,1,11.00,11.00,1.15,1.05,2.64,5,3,,2,1,1,1,13.0
413,1,0,1,0,0,1,0,0,0,.,0.0,20.0,3.00,5.05,1,7.00,17.00,1.11,1.01,1.05,4,2,,2,1,1,1,20.0
414,1,0,1,0,0,1,0,0,0,.,13.0,9.0,4.00,5.05,3,7.00,16.00,1.15,0.95,1.13,4,3,,2,1,1,1,22.0
415,1,0,1,0,0,1,0,0,0,.,0.0,38.0,4.00,5.05,2,7.00,16.00,1.05,0.90,1.04,4,2,,2,1,1,1,38.0
417,1,1,1,0,0,1,0,0,0,.,13.0,17.0,4.00,5.05,3,7.00,16.00,1.11,1.09,1.00,3,2,,2,1,1,1,30.0
418,1,0,1,0,0,1,0,0,0,.,0.0,35.0,4.00,5.05,2,7.00,16.00,1.03,0.90,0.59,3,3,,2,1,1,1,35.0
419,2,1,1,0,0,1,0,0,0,4,5.0,5.0,2.00,5.05,1,11.00,11.00,1.05,0.84,2.53,4,3,,2,1,1,1,10.0
421,2,1,1,0,0,1,0,0,0,3,25.0,7.0,8.00,5.05,2,10.50,13.00,1.05,0.84,2.32,4,2,,2,1,1,1,32.0
422,2,0,1,0,0,1,0,0,0,2,5.0,10.0,6.00,5.05,1,11.00,11.00,1.01,0.84,2.32,4,4,,2,1,1,1,15.0
423,2,1,1,0,0,1,0,0,0,1,19.0,3.5,3.00,5.25,1,11.00,11.00,1.05,0.84,2.32,3,2,,2,1,1,1,22.5
424,2,1,1,0,0,1,0,0,0,1,12.0,3.0,4.00,5.25,1,11.00,14.00,1.05,0.94,2.32,5,3,,2,1,1,1,15.0
426,3,1,1,0,0,1,0,0,0,.,5.0,25.0,3.00,5.05,2,6.00,18.00,1.11,1.05,1.05,6,5,,2,1,1,1,30.0
427,4,0,1,0,0,1,0,0,0,4,0.0,35.0,3.00,5.05,2,10.50,12.50,1.11,1.09,2.07,2,2,,2,1,1,1,35.0
428,4,0,1,0,0,1,0,0,0,.,10.0,24.0,3.00,5.14,2,10.50,12.50,1.05,0.89,2.11,2,2,,2,1,1,1,34.0
